LAT,LON,GSPEED,CRS,NLAT,NLON,NCRS,CMD
48.0504511,17.5697131,0.82,209.35145,48.0504504,17.5697125,208.75295,-0.0555793306997722
48.0504504,17.5697125,0.89,208.75295,48.0504496,17.5697118,208.97508,4.07924202086327
48.0504496,17.5697118,0.93,208.97508,48.0504488,17.5697112,209.55402,5.96353769202879
48.0504488,17.5697112,0.93,209.55402,48.050448,17.5697104,208.77161,-1.01076715393064
48.050448,17.5697104,0.96,208.77161,48.0504453,17.5697082,209.53834,13.563198562399
48.0504453,17.5697082,1.04,209.53834,48.0504444,17.5697075,209.61568,3.74570168979135
48.0504444,17.5697075,1.18,209.61568,48.0504434,17.5697067,209.01959,1.0429376548502
48.0504434,17.5697067,1.18,209.01959,48.0504424,17.5697058,208.35599,0.51194825617386
48.0504424,17.5697058,1.2,208.35599,48.0504414,17.569705,210.10864,10.6145813009423
48.0504414,17.569705,1.22,210.10864,48.0504403,17.5697041,207.743,-5.83952653127391
48.0504403,17.5697041,1.29,207.743,48.0504392,17.5697031,210.33954,13.4874696167962
48.0504392,17.5697031,1.35,210.33954,48.050438,17.5697022,208.5441,-2.91268646296954
48.050438,17.5697022,1.4,208.5441,48.0504369,17.5697012,208.44707,2.87471486813628
48.0504369,17.5697012,1.41,208.44707,48.0504356,17.5697002,209.37803,7.84570557967511
48.0504356,17.5697002,1.48,209.37803,48.0504344,17.5696992,208.08284,-1.17446639864339
48.0504344,17.5696992,1.53,208.08284,48.0504331,17.5696981,209.88315,10.3619852793167
48.0504331,17.5696981,1.59,209.88315,48.0504317,17.569697,209.14543,1.49221698979811
48.0504317,17.569697,1.63,209.14543,48.0504257,17.569692,209.56012,17.6476946099316
48.0504257,17.569692,1.87,209.56012,48.0504224,17.5696893,207.31702,1.67631666495672
48.0504224,17.5696893,2.04,207.31702,48.050419,17.5696864,208.60362,12.4701493786975
48.050419,17.5696864,2.15,208.60362,48.0504171,17.5696849,210.01955,9.04060946371602
48.0504171,17.5696849,2.21,210.01955,48.0504152,17.5696833,209.53576,2.74654099252688
48.0504152,17.5696833,2.32,209.53576,48.0504133,17.5696818,209.07339,3.02822298180114
48.0504133,17.5696818,2.38,209.07339,48.0504113,17.5696801,208.52314,2.7618455782598
48.0504113,17.5696801,2.39,208.52314,48.0504092,17.5696784,209.27203,6.97193339425896
48.0504092,17.5696784,2.52,209.27203,48.0504071,17.5696767,209.11443,4.08013258348031
48.0504071,17.5696767,2.53,209.11443,48.050405,17.5696748,208.47287,2.32572188180768
48.050405,17.5696748,2.66,208.47287,48.0504005,17.5696712,208.84198,10.5625188373488
48.0504005,17.5696712,2.76,208.84198,48.0503982,17.5696692,209.13294,5.20635651948233
48.0503982,17.5696692,2.84,209.13294,48.0503958,17.5696673,209.42071,5.5968032178567
48.0503958,17.5696673,2.88,209.42071,48.0503934,17.5696653,208.66582,2.58560051758153
48.0503934,17.5696653,2.95,208.66582,48.0503884,17.5696613,208.82243,10.2174189021239
48.0503884,17.5696613,3.06,208.82243,48.0503858,17.5696592,208.33445,3.730824828136
48.0503858,17.5696592,3.15,208.33445,48.0503832,17.5696571,207.71013,3.40247415235822
48.0503832,17.5696571,3.16,207.71013,48.050375,17.5696506,208.81912,17.980351241698
48.050375,17.5696506,3.35,208.81912,48.0503665,17.5696438,208.02357,13.4020671501965
48.0503665,17.5696438,3.54,208.02357,48.0503635,17.5696415,207.98305,5.38892699447928
48.0503635,17.5696415,3.56,207.98305,48.0503605,17.5696392,207.58787,4.55263848134628
48.0503605,17.5696392,3.67,207.58787,48.0503575,17.5696368,207.68471,5.48350556549788
48.0503575,17.5696368,3.66,207.68471,48.0503544,17.5696344,208.23142,6.79785895500841
48.0503544,17.5696344,3.73,208.23142,48.0503513,17.569632,208.16914,5.21777534833381
48.0503513,17.569632,3.82,208.16914,48.0503481,17.5696295,206.68,2.0829126281701
48.0503481,17.5696295,3.87,206.68,48.0503449,17.569627,207.82128,8.18583568615501
48.0503449,17.569627,3.91,207.82128,48.0503416,17.5696245,207.88079,5.7949834549974
48.0503416,17.5696245,3.95,207.88079,48.0503384,17.569622,207.33491,4.12481331875783
48.0503384,17.569622,3.99,207.33491,48.0503316,17.5696168,207.51677,11.8539321814895
48.0503316,17.5696168,4.11,207.51677,48.0503282,17.5696141,207.14337,4.69287155726312
48.0503282,17.5696141,4.16,207.14337,48.0503248,17.5696115,208.22387,7.96458711012584
48.0503248,17.5696115,4.18,208.22387,48.0503214,17.5696087,207.94227,4.52787606930059
48.0503214,17.5696087,4.21,207.94227,48.0503111,17.5696003,207.88081,15.3012975961105
48.0503111,17.5696003,4.26,207.88081,48.0503077,17.5695974,208.66961,6.63832248891792
48.0503077,17.5695974,4.27,208.66961,48.0503043,17.5695946,209.71025,7.13065933658475
48.0503043,17.5695946,4.24,209.71025,48.0502977,17.5695886,210.09508,9.04434776384021
48.0502977,17.5695886,4.23,210.09508,48.0502944,17.5695855,211.10236,6.07050519249739
48.0502944,17.5695855,4.18,211.10236,48.0502913,17.5695824,212.50369,6.20036581973682
48.0502913,17.5695824,4.21,212.50369,48.0502881,17.5695792,213.45429,4.9900759003374
48.0502881,17.5695792,4.13,213.45429,48.0502821,17.5695726,215.85382,8.74324284306333
48.0502821,17.5695726,4.1,215.85382,48.0502791,17.5695692,216.81281,3.41204781686248
48.0502791,17.5695692,4.09,216.81281,48.0502762,17.5695657,217.82931,2.86417036514614
48.0502762,17.5695657,4.09,217.82931,48.0502734,17.5695622,218.25018,1.09990548423976
48.0502734,17.5695622,4.06,218.25018,48.0502706,17.5695587,219.61512,3.01733182289849
48.0502706,17.5695587,4.01,219.61512,48.0502678,17.5695551,220.52976,1.52093294216395
48.0502678,17.5695551,3.98,220.52976,48.0502651,17.5695513,221.907,1.62203118952857
48.0502651,17.5695513,4,221.907,48.0502625,17.5695477,222.71828,0.25235468479986
48.0502625,17.5695477,4,222.71828,48.0502599,17.5695439,223.14372,-1.2131022099633
48.0502599,17.5695439,3.92,223.14372,48.0502574,17.5695402,225.1517,2.07977258954136
48.0502574,17.5695402,3.94,225.1517,48.0502549,17.5695364,225.03427,-3.25308557905532
48.0502549,17.5695364,3.94,225.03427,48.0502525,17.5695326,225.60674,-1.95599699768142
48.0502525,17.5695326,3.9,225.60674,48.0502501,17.5695287,226.76738,-1.07292740800281
48.0502501,17.5695287,3.84,226.76738,48.0502478,17.5695248,227.86715,-1.74751429852693
48.0502478,17.5695248,3.82,227.86715,48.0502456,17.5695209,228.41667,-3.46049545612218
48.0502456,17.5695209,3.78,228.41667,48.0502437,17.569517,230.02762,-1.91755953368582
48.0502437,17.569517,3.76,230.02762,48.0502416,17.5695131,231.08636,-3.11707139378623
48.0502416,17.5695131,3.73,231.08636,48.0502395,17.569509,231.49525,-5.36786276144479
48.0502395,17.569509,3.69,231.49525,48.0502375,17.569505,232.62348,-3.84714198265392
48.0502375,17.569505,3.71,232.62348,48.0502356,17.5695009,233.98992,-4.02483124417451
48.0502356,17.5695009,3.69,233.98992,48.0502338,17.5694967,235.27215,-5.01888405363335
48.0502338,17.5694967,3.67,235.27215,48.050232,17.5694925,236.80944,-4.76006680903812
48.050232,17.5694925,3.62,236.80944,48.0502303,17.5694884,237.62861,-6.69659588099478
48.0502303,17.5694884,3.67,237.62861,48.0502287,17.5694842,239.07025,-5.84093856741404
48.0502287,17.5694842,3.56,239.07025,48.0502272,17.56948,240.59365,-6.29685950305538
48.0502272,17.56948,3.54,240.59365,48.0502257,17.5694757,241.2551,-8.92405705632252
48.0502257,17.5694757,3.54,241.2551,48.0502243,17.5694712,243.08832,-7.12152863856739
48.0502243,17.5694712,3.53,243.08832,48.0502231,17.5694669,245.68207,-5.38751574356693
48.0502231,17.5694669,3.51,245.68207,48.0502218,17.5694624,247.50305,-8.17651176489408
48.0502218,17.5694624,3.52,247.50305,48.0502208,17.569458,247.75924,-12.166060024075
48.0502208,17.569458,3.51,247.75924,48.0502198,17.5694535,251.57119,-4.18429721847467
48.0502198,17.5694535,3.43,251.57119,48.0502189,17.569449,252.77535,-11.1915233887295
48.0502189,17.569449,3.41,252.77535,48.0502182,17.5694445,254.01365,-11.509442935256
48.0502182,17.5694445,3.43,254.01365,48.0502176,17.5694399,254.01365,-14.9558052901027
48.0502176,17.5694399,3.43,254.01365,48.050217,17.5694353,254.01365,-14.9558052833475
48.050217,17.5694353,3.43,254.01365,48.0502167,17.5694308,260.99009,2.17359262018966
48.0502167,17.5694308,3.37,260.99009,48.0502165,17.5694262,263.10629,-10.8270997670963
48.0502165,17.5694262,3.35,263.10629,48.0502164,17.5694216,265.58012,-10.1050281035476
48.0502164,17.5694216,3.41,265.58012,48.0502165,17.5694171,268.37499,-8.86324829963302
48.0502165,17.5694171,3.28,268.37499,48.0502167,17.5694126,270.64833,-10.5288697461309
48.0502167,17.5694126,3.37,270.64833,48.0502171,17.5694081,270.64833,-15.957919355051
48.0502171,17.5694081,3.37,270.64833,48.0502176,17.5694037,276.30076,-1.01768841157772
48.0502176,17.5694037,3.3,276.30076,48.0502182,17.5693992,279.47401,-7.6096512639119
48.0502182,17.5693992,3.29,279.47401,48.0502189,17.5693948,281.69583,-9.45906147859091
48.0502189,17.5693948,3.25,281.69583,48.0502207,17.5693863,284.31399,-20.8604783834149
48.0502207,17.5693863,3.28,284.31399,48.0502218,17.5693822,288.93242,-0.922986944636953
48.0502218,17.5693822,3.22,288.93242,48.050223,17.5693782,292.17707,-3.61383518631902
48.050223,17.5693782,3.18,292.17707,48.0502244,17.5693743,294.40251,-5.33359667471077
48.0502244,17.5693743,3.19,294.40251,48.0502258,17.5693705,296.63066,-4.5457407307837
48.0502258,17.5693705,3.17,296.63066,48.0502272,17.5693669,299.13451,-2.68735765247073
48.0502272,17.5693669,3.2,299.13451,48.0502289,17.5693636,301.44081,-1.16096304371567
48.0502289,17.5693636,3.16,301.44081,48.0502307,17.5693603,305.62115,4.95152298315433
48.0502307,17.5693603,3.15,305.62115,48.0502326,17.5693572,309.00116,4.42093865598133
48.0502326,17.5693572,3.1,309.00116,48.0502345,17.5693542,309.96132,-1.59105379868836
48.0502345,17.5693542,3.07,309.96132,48.0502365,17.5693513,312.88257,4.95273693252707
48.0502365,17.5693513,3.08,312.88257,48.0502386,17.5693484,315.6188,5.3679724556922
48.0502386,17.5693484,3.04,315.6188,48.0502408,17.5693458,318.15457,6.54440017643459
48.0502408,17.5693458,3.03,318.15457,48.0502477,17.5693389,327.05915,31.1732532868882
48.0502477,17.5693389,2.98,327.05915,48.0502501,17.569337,329.7092,11.69159124237
48.0502501,17.569337,3.02,329.7092,48.0502526,17.5693352,333.59121,16.1452999176278
48.0502526,17.5693352,3,333.59121,48.0502551,17.5693336,335.85297,12.5830915201189
48.0502551,17.5693336,2.99,335.85297,48.0502577,17.5693324,337.98718,13.5508032074846
48.0502577,17.5693324,2.99,337.98718,48.0502604,17.5693314,341.93666,19.4893637280274
48.0502604,17.5693314,2.96,341.93666,48.050263,17.5693305,344.88214,17.0117093317753
48.050263,17.5693305,3.02,344.88214,48.0502657,17.5693298,347.32716,16.255894026832
48.0502657,17.5693298,2.93,347.32716,48.0502684,17.5693293,350.138,17.8910554525619
48.0502684,17.5693293,2.96,350.138,48.0502711,17.5693289,352.64615,17.1757019859274
48.0502711,17.5693289,2.99,352.64615,48.0502738,17.5693288,355.6332,18.5472641209506
48.0502738,17.5693288,3.01,355.6332,48.0502766,17.569329,357.57761,16.1825634409881
48.0502766,17.569329,2.99,357.57761,48.0502793,17.5693293,1.42529,20.8230314482008
48.0502793,17.5693293,3.02,1.42529,48.0502846,17.5693304,6.54896,32.1880325916069
48.0502846,17.5693304,2.99,6.54896,48.0502874,17.5693311,9.12683,17.3547869393062
48.0502874,17.5693311,3,9.12683,48.0502901,17.5693321,12.22204,17.8393015076534
48.0502901,17.5693321,3.06,12.22204,48.0502928,17.5693333,14.03686,13.8951272578276
48.0502928,17.5693333,3.02,14.03686,48.0502954,17.5693346,16.82291,15.7779537708622
48.0502954,17.5693346,3.04,16.82291,48.0502981,17.5693361,19.21983,14.4713770434072
48.0502981,17.5693361,3.07,19.21983,48.0503007,17.5693378,20.27821,10.0426996911258
48.0503007,17.5693378,3.06,20.27821,48.0503033,17.5693398,23.73748,15.4215666406262
48.0503033,17.5693398,3.03,23.73748,48.0503058,17.5693417,25.75565,11.082543223109
48.0503058,17.5693417,3.11,25.75565,48.0503084,17.5693439,27.9665,10.8111764470257
48.0503084,17.5693439,3.15,27.9665,48.0503108,17.5693461,29.3369,7.5505770963003
48.0503108,17.5693461,3.15,29.3369,48.0503134,17.5693484,30.15135,6.36549414671577
48.0503134,17.5693484,3.22,30.15135,48.0503158,17.5693509,30.85798,4.80803538439971
48.0503158,17.5693509,3.19,30.85798,48.0503183,17.5693532,32.52203,7.73345715884807
48.0503183,17.5693532,3.29,32.52203,48.0503209,17.5693556,31.92853,1.91669304648685
48.0503209,17.5693556,3.28,31.92853,48.0503235,17.5693581,31.82047,3.02812721432565
48.0503235,17.5693581,3.31,31.82047,48.0503261,17.5693606,32.37069,4.60583709267161
48.0503261,17.5693606,3.35,32.37069,48.0503316,17.5693659,32.85408,7.61368297059532
48.0503316,17.5693659,3.48,32.85408,48.0503343,17.5693686,33.45037,4.24104672540189
48.0503343,17.5693686,3.57,33.45037,48.0503371,17.5693715,33.54629,2.78877261999058
48.0503371,17.5693715,3.67,33.54629,48.0503399,17.5693744,34.2623,4.10945815869412
48.0503399,17.5693744,3.7,34.2623,48.0503428,17.5693775,34.92862,3.69826751727155
48.0503428,17.5693775,3.77,34.92862,48.0503458,17.5693806,34.97784,2.39412263252196
48.0503458,17.5693806,3.89,34.97784,48.0503487,17.5693838,35.49682,2.89861819463548
48.0503487,17.5693838,3.92,35.49682,48.0503518,17.5693869,35.04486,1.35797130992112
48.0503518,17.5693869,4,35.04486,48.0503548,17.5693901,35.1396,2.17417422032802
48.0503548,17.5693901,4.06,35.1396,48.050358,17.5693933,34.58917,1.26165412921884
48.050358,17.5693933,4.13,34.58917,48.0503612,17.5693966,34.20865,1.55570366685994
48.0503612,17.5693966,4.14,34.20865,48.0503645,17.5693999,33.9058,2.06607993651019
48.0503645,17.5693999,4.25,33.9058,48.0503679,17.5694033,33.98792,2.97560492828857
48.0503679,17.5694033,4.32,33.98792,48.0503712,17.5694067,34.23903,3.01968980826538
48.0503712,17.5694067,4.38,34.23903,48.0503746,17.5694102,34.04273,2.08710502801293
48.0503746,17.5694102,4.49,34.04273,48.0503782,17.5694138,34.39108,3.50859915398159
48.0503782,17.5694138,4.51,34.39108,48.0503817,17.5694174,34.50133,2.69193097498749
48.0503817,17.5694174,4.62,34.50133,48.0503853,17.5694211,34.52498,2.51415773848075
48.0503853,17.5694211,4.68,34.52498,48.0503889,17.5694249,34.80639,2.83295973006957
48.0503889,17.5694249,4.75,34.80639,48.0503926,17.5694287,34.90056,2.59041850402785
48.0503926,17.5694287,4.84,34.90056,48.0503964,17.5694326,34.31715,1.27982482798038
48.0503964,17.5694326,4.9,34.31715,48.0504002,17.5694366,34.46469,2.6680052758133
48.0504002,17.5694366,5,34.46469,48.0504041,17.5694406,34.55218,2.69223994762377
48.0504041,17.5694406,5.07,34.55218,48.0504081,17.5694447,34.54849,2.53423253566054
48.0504081,17.5694447,5.17,34.54849,48.0504121,17.5694489,34.83676,2.89531118944279
48.0504121,17.5694489,5.28,34.83676,48.0504162,17.5694532,34.92283,2.46338675950027
48.0504162,17.5694532,5.35,34.92283,48.0504204,17.5694575,35.06009,2.71442929287117
48.0504204,17.5694575,5.43,35.06009,48.0504246,17.5694619,34.60752,1.42677863486039
48.0504246,17.5694619,5.54,34.60752,48.0504289,17.5694665,35.13743,3.21135247948172
48.0504289,17.5694665,5.66,35.13743,48.0504332,17.569471,35.16622,2.26625424939283
48.0504332,17.569471,5.7,35.16622,48.0504376,17.5694756,35.01502,1.98190145139524
48.0504376,17.5694756,5.81,35.01502,48.0504421,17.5694803,34.972,2.23523705545953
48.0504421,17.5694803,5.9,34.972,48.0504466,17.569485,35.13371,2.57579934725747
48.0504466,17.569485,5.98,35.13371,48.0504513,17.5694898,35.10586,2.41765853344482
48.0504513,17.5694898,6.02,35.10586,48.0504559,17.5694946,34.65641,1.49374858817866
48.0504559,17.5694946,6.12,34.65641,48.0504607,17.5694994,34.7653,2.91184521450794
48.0504607,17.5694994,6.22,34.7653,48.0504655,17.5695044,34.3969,1.77964115861168
48.0504655,17.5695044,6.24,34.3969,48.0504703,17.5695093,34.72656,3.18405924152682
48.0504703,17.5695093,6.34,34.72656,48.0504752,17.5695143,34.52342,2.21295696134991
48.0504752,17.5695143,6.38,34.52342,48.0504801,17.5695193,34.27837,2.1818068521621
48.0504801,17.5695193,6.45,34.27837,48.0504851,17.5695244,34.67839,3.36022642599964
48.0504851,17.5695244,6.49,34.67839,48.0504901,17.5695295,33.91627,1.29679127107376
48.0504901,17.5695295,6.57,33.91627,48.0504952,17.5695347,34.47919,3.73199472459367
48.0504952,17.5695347,6.64,34.47919,48.0505004,17.5695399,34.29872,2.49902833914439
48.0505004,17.5695399,6.72,34.29872,48.0505056,17.5695452,33.9431,2.11497850816196
48.0505056,17.5695452,6.82,33.9431,48.050511,17.5695506,34.25263,3.4838933134342
48.050511,17.5695506,6.92,34.25263,48.0505164,17.5695561,34.10231,2.50566017285211
48.0505164,17.5695561,7.04,34.10231,48.0505218,17.5695617,34.06689,2.57932988746561
48.0505218,17.5695617,7.16,34.06689,48.0505274,17.5695674,34.16965,2.98348570516699
48.0505274,17.5695674,7.28,34.16965,48.0505331,17.5695731,34.48537,3.4093068389108
48.0505331,17.5695731,7.34,34.48537,48.0505388,17.5695789,34.35995,2.5021360098117
48.0505388,17.5695789,7.45,34.35995,48.0505446,17.5695848,34.4121,2.82749267793848
48.0505446,17.5695848,7.56,34.4121,48.0505505,17.5695908,34.43796,2.78544136777928
48.0505505,17.5695908,7.63,34.43796,48.0505564,17.5695969,34.04215,2.00232908475884
48.0505564,17.5695969,7.75,34.04215,48.0505624,17.5696029,34.19404,3.16641907706509
48.0505624,17.5696029,7.88,34.19404,48.0505685,17.5696091,34.11317,2.67507589778321
48.0505685,17.5696091,7.92,34.11317,48.0505746,17.5696153,34.48923,3.37727955484087
48.0505746,17.5696153,7.98,34.48923,48.0505808,17.5696215,34.08739,2.22719473099916
48.0505808,17.5696215,8.06,34.08739,48.050587,17.5696278,34.27158,3.09444717724997
48.050587,17.5696278,8.12,34.27158,48.0505932,17.5696342,34.3547,2.77656570518945
48.0505932,17.5696342,8.21,34.3547,48.0505996,17.5696406,34.08581,2.48823032569021
48.0505996,17.5696406,8.29,34.08581,48.0506059,17.5696471,34.13863,2.77649486264116
48.0506059,17.5696471,8.31,34.13863,48.0506123,17.5696536,34.22662,2.94994889642614
48.0506123,17.5696536,8.44,34.22662,48.0506188,17.5696601,34.38324,3.12758535460499
48.0506188,17.5696601,8.48,34.38324,48.0506253,17.5696668,34.11657,2.26236724381928
48.0506253,17.5696668,8.55,34.11657,48.0506319,17.5696735,34.42268,3.29100177666877
48.0506319,17.5696735,8.59,34.42268,48.0506385,17.5696802,34.42268,2.74958419976711
48.0506385,17.5696802,8.59,34.42268,48.0506452,17.569687,34.41197,2.77699960444148
48.0506452,17.569687,8.76,34.41197,48.0506519,17.5696939,34.45859,2.72229434804802
48.0506519,17.5696939,8.81,34.45859,48.0506587,17.5697008,34.48726,2.80378638205302
48.0506587,17.5697008,8.91,34.48726,48.0506655,17.5697079,34.52913,2.60534073458176
48.0506655,17.5697079,9.02,34.52913,48.0506725,17.569715,34.5027,2.72985704514982
48.0506725,17.569715,9.07,34.5027,48.0506795,17.5697222,34.57361,2.772317796177
48.0506795,17.5697222,9.16,34.57361,48.0506865,17.5697294,34.4606,2.46859730422815
48.0506865,17.5697294,9.32,34.4606,48.0506937,17.5697368,34.8047,3.180620293901
48.0506937,17.5697368,9.32,34.8047,48.0507008,17.5697442,34.49383,2.04044217249627
48.0507008,17.5697442,9.42,34.49383,48.0507081,17.5697517,34.74023,3.04615235672241
48.0507081,17.5697517,9.55,34.74023,48.0507154,17.5697593,34.94102,2.79511080336179
48.0507154,17.5697593,9.61,34.94102,48.0507227,17.569767,34.67609,1.99488336235189
48.0507227,17.569767,9.76,34.67609,48.0507302,17.5697747,35.07604,3.19362206655716
48.0507302,17.5697747,9.77,35.07604,48.0507376,17.5697824,34.74744,1.95840190471179
48.0507376,17.5697824,9.85,34.74744,48.0507451,17.5697902,34.88316,2.70469607653776
48.0507451,17.5697902,9.91,34.88316,48.0507527,17.5697981,34.96189,2.61161886559715
48.0507527,17.5697981,10.01,34.96189,48.0507603,17.569806,35.01396,2.5308538205424
48.0507603,17.569806,10.03,35.01396,48.0507679,17.569814,34.88143,2.17848645597262
48.0507679,17.569814,10.1,34.88143,48.0507756,17.569822,34.97351,2.62218797316962
48.0507756,17.569822,10.18,34.97351,48.0507833,17.5698301,35.12883,2.58275250237053
48.0507833,17.5698301,10.23,35.12883,48.0507911,17.5698382,34.899,2.12603888831461
48.0507911,17.5698382,10.28,34.899,48.0507989,17.5698464,35.05413,2.61569150016319
48.0507989,17.5698464,10.35,35.05413,48.0508068,17.5698546,34.76183,2.07268242711189
48.0508068,17.5698546,10.41,34.76183,48.0508148,17.5698629,35.15792,3.09550553842407
48.0508148,17.5698629,10.47,35.15792,48.0508227,17.5698712,34.95298,2.05712360937713
48.0508227,17.5698712,10.6,34.95298,48.0508308,17.5698795,34.96198,2.59682615856748
48.0508308,17.5698795,10.61,34.96198,48.0508389,17.569888,34.80547,2.21596286091093
48.0508389,17.569888,10.63,34.80547,48.050847,17.5698964,34.73435,2.44615553427356
48.050847,17.5698964,10.78,34.73435,48.0508552,17.5699049,34.86802,2.73768713582209
48.0508552,17.5699049,10.81,34.86802,48.0508635,17.5699135,34.82614,2.49678263785094
48.0508635,17.5699135,10.88,34.82614,48.0508718,17.5699221,34.69823,2.38046277648391
48.0508718,17.5699221,10.95,34.69823,48.0508802,17.5699307,34.72571,2.71381144627401
48.0508802,17.5699307,11.03,34.72571,48.0508886,17.5699393,34.72571,2.65253756795081
48.0508886,17.5699393,11.03,34.72571,48.050897,17.569948,34.54501,2.34136305275167
48.050897,17.569948,11.13,34.54501,48.0509055,17.5699567,34.766,3.00093355166236
48.0509055,17.5699567,11.18,34.766,48.050914,17.5699655,34.51607,2.24285161745831
48.050914,17.5699655,11.21,34.51607,48.0509225,17.5699743,34.79852,2.99622676533261
48.0509225,17.5699743,11.3,34.79852,48.0509311,17.5699831,34.57173,2.3461130606437
48.0509311,17.5699831,11.33,34.57173,48.0509398,17.569992,34.47409,2.60211300719013
48.0509398,17.569992,11.35,34.47409,48.0509484,17.5700009,34.82996,3.10405293638685
48.0509484,17.5700009,11.41,34.82996,48.0509571,17.5700098,34.35507,2.02774855354912
48.0509571,17.5700098,11.47,34.35507,48.0509659,17.5700187,34.52232,3.07691213731734
48.0509659,17.5700187,11.51,34.52232,48.0509746,17.5700277,34.3782,2.44521883107553
48.0509746,17.5700277,11.59,34.3782,48.0509834,17.5700367,34.52784,2.94882101723402
48.0509834,17.5700367,11.61,34.52784,48.0509923,17.5700458,34.37377,2.54735386545246
48.0509923,17.5700458,11.67,34.37377,48.0510012,17.5700549,34.58278,3.04041955382387
48.0510012,17.5700549,11.72,34.58278,48.0510101,17.5700641,34.50207,2.53181465628687
48.0510101,17.5700641,11.75,34.50207,48.0510191,17.5700733,34.69752,3.00190541643675
48.0510191,17.5700733,11.8,34.69752,48.051028,17.5700825,34.59647,2.45823741511393
48.051028,17.5700825,11.86,34.59647,48.051037,17.5700918,34.64146,2.6908565426043
48.051037,17.5700918,11.93,34.64146,48.051046,17.5701012,34.68771,2.59586299280028
48.051046,17.5701012,11.92,34.68771,48.0510551,17.5701106,34.85271,2.83620357735193
48.0510551,17.5701106,11.99,34.85271,48.0510686,17.5701246,34.90855,3.83137916804168
48.0510686,17.5701246,12.03,34.90855,48.0510777,17.5701341,35.07179,2.68063045716187
48.0510777,17.5701341,11.99,35.07179,48.0510866,17.5701436,35.01445,2.164561668259
48.0510866,17.5701436,12,35.01445,48.0510956,17.570153,35.16701,2.614046817255
48.0510956,17.570153,11.98,35.16701,48.0511045,17.5701624,35.16701,2.28300324998837
48.0511045,17.5701624,11.98,35.16701,48.0511134,17.5701719,35.3768,2.47734148271678
48.0511134,17.5701719,11.93,35.3768,48.0511222,17.5701813,35.3967,2.15903231099987
48.0511222,17.5701813,11.88,35.3967,48.051131,17.5701907,35.60502,2.40070225347939
48.051131,17.5701907,11.83,35.60502,48.0511397,17.5702001,35.53641,1.89948030984854
48.0511397,17.5702001,11.79,35.53641,48.0511485,17.5702094,35.74935,2.45591249859723
48.0511485,17.5702094,11.74,35.74935,48.0511571,17.5702188,35.98345,2.15731206683033
48.0511571,17.5702188,11.71,35.98345,48.0511657,17.5702281,35.76082,1.58856207481735
48.0511657,17.5702281,11.65,35.76082,48.0511743,17.5702374,35.96204,2.1997334979483
48.0511743,17.5702374,11.65,35.96204,48.0511829,17.5702467,36.16633,2.1480892376829
48.0511829,17.5702467,11.56,36.16633,48.0511914,17.570256,35.95737,1.47425543730631
48.0511914,17.570256,11.54,35.95737,48.0511999,17.5702653,36.17701,2.08364923164862
48.0511999,17.5702653,11.48,36.17701,48.0512083,17.5702745,36.26689,1.83770750008926
48.0512083,17.5702745,11.44,36.26689,48.0512167,17.5702837,36.34076,1.79788398469806
48.0512167,17.5702837,11.4,36.34076,48.0512251,17.570293,36.42247,1.71683071473044
48.0512251,17.570293,11.35,36.42247,48.0512376,17.5703067,36.40684,2.46192068762355
48.0512376,17.5703067,11.36,36.40684,48.0512459,17.5703158,36.36431,1.59287456528766
48.0512459,17.5703158,11.25,36.36431,48.0512541,17.5703248,36.32587,1.59694439528812
48.0512541,17.5703248,11.25,36.32587,48.0512624,17.5703339,36.26638,1.60810448442759
48.0512624,17.5703339,11.2,36.26638,48.0512706,17.5703429,36.37904,1.82670764951603
48.0512706,17.5703429,11.19,36.37904,48.0512788,17.5703518,36.18608,1.47745333716265
48.0512788,17.5703518,11.11,36.18608,48.051287,17.5703607,36.29631,1.93636061862727
48.051287,17.5703607,11.08,36.29631,48.0512951,17.5703696,35.94001,1.19609588119013
48.0512951,17.5703696,11.05,35.94001,48.0513033,17.5703784,36.00774,2.03586288353315
48.0513033,17.5703784,10.99,36.00774,48.0513114,17.5703872,36.1601,2.03042250309304
48.0513114,17.5703872,10.97,36.1601,48.0513195,17.5703959,35.6727,1.23188230453873
48.0513195,17.5703959,10.95,35.6727,48.0513277,17.5704045,35.56672,2.0541050763463
48.0513277,17.5704045,10.92,35.56672,48.0513358,17.570413,35.45447,2.04904797445779
48.0513358,17.570413,10.86,35.45447,48.0513439,17.5704214,35.10148,1.8504390670798
48.0513439,17.5704214,10.79,35.10148,48.051352,17.5704298,34.99278,2.28210212459094
48.051352,17.5704298,10.77,34.99278,48.0513601,17.5704381,34.68983,2.13576265631624
48.0513601,17.5704381,10.74,34.68983,48.0513681,17.5704463,34.56151,2.42051691730171
48.0513681,17.5704463,10.7,34.56151,48.0513762,17.5704545,34.28163,2.37431885340033
48.0513762,17.5704545,10.64,34.28163,48.0513842,17.5704625,34.08066,2.60844008662928
48.0513842,17.5704625,10.63,34.08066,48.0513923,17.5704705,33.94293,2.86184892911217
48.0513923,17.5704705,10.57,33.94293,48.0514003,17.5704784,33.64835,2.66640084810467
48.0514003,17.5704784,10.52,33.64835,48.0514083,17.5704863,33.44815,2.88381487721196
48.0514083,17.5704863,10.52,33.44815,48.0514163,17.5704941,33.31576,3.10344173688598
48.0514163,17.5704941,10.46,33.31576,48.0514243,17.5705019,33.2377,3.22834576343223
48.0514243,17.5705019,10.43,33.2377,48.0514323,17.5705095,32.88624,3.04041314753927
48.0514323,17.5705095,10.4,32.88624,48.0514403,17.5705171,32.85399,3.5722041217657
48.0514403,17.5705171,10.37,32.85399,48.0514482,17.5705247,32.57057,3.13284844601893
48.0514482,17.5705247,10.29,32.57057,48.0514562,17.5705322,32.35524,3.5173091393654
48.0514562,17.5705322,10.28,32.35524,48.0514642,17.5705396,32.0357,3.50976776909305
48.0514642,17.5705396,10.25,32.0357,48.0514721,17.5705469,31.90198,3.810270237258
48.0514721,17.5705469,10.26,31.90198,48.05148,17.5705542,31.88077,3.99430081263721
48.05148,17.5705542,10.15,31.88077,48.0514879,17.5705614,31.61066,3.77335219809967
48.0514879,17.5705614,10.11,31.61066,48.0514957,17.5705685,31.48902,4.01336953508372
48.0514957,17.5705685,10.1,31.48902,48.0515035,17.5705756,31.28296,3.93167144577125
48.0515035,17.5705756,10.02,31.28296,48.0515112,17.5705825,31.04268,3.99182044101246
48.0515112,17.5705825,9.91,31.04268,48.0515189,17.5705894,31.09222,4.49662578117691
48.0515189,17.5705894,9.82,31.09222,48.0515267,17.5705959,30.67404,4.29475501421922
48.0515267,17.5705959,9.74,30.67404,48.0515343,17.5706025,30.52235,4.47741297197773
48.0515343,17.5706025,9.64,30.52235,48.0515418,17.570609,30.27453,4.36966380493187
48.0515418,17.570609,9.57,30.27453,48.0515491,17.5706154,30.42472,4.84072957552434
48.0515491,17.5706154,9.42,30.42472,48.0515565,17.5706218,30.42472,4.78845086434035
48.0515565,17.5706218,9.42,30.42472,48.0515637,17.570628,29.89977,3.92997077631021
48.0515637,17.570628,9.22,29.89977,48.0515709,17.5706341,29.92388,5.01068619332426
48.0515709,17.5706341,9.12,29.92388,48.051578,17.5706401,29.63805,4.54757366241895
48.051578,17.5706401,8.97,29.63805,48.0515851,17.5706461,29.61759,5.07515171307952
48.0515851,17.5706461,8.94,29.61759,48.051592,17.5706519,29.39647,4.68208494266129
48.051592,17.5706519,8.78,29.39647,48.051599,17.5706576,29.22698,5.11037141711624
48.051599,17.5706576,8.71,29.22698,48.0516058,17.5706633,28.81888,4.55097382691873
48.0516058,17.5706633,8.62,28.81888,48.0516126,17.5706687,29.0749,5.91888045417339
48.0516126,17.5706687,8.51,29.0749,48.0516193,17.5706741,28.45904,4.4729342341331
48.0516193,17.5706741,8.4,28.45904,48.051626,17.5706794,28.01637,5.01502120233965
48.051626,17.5706794,8.28,28.01637,48.0516326,17.5706844,27.61598,5.33760579447413
48.0516326,17.5706844,8.17,27.61598,48.0516391,17.5706894,27.08233,5.13859354880069
48.0516391,17.5706894,8.06,27.08233,48.0516456,17.5706941,26.62961,5.68530183451878
48.0516456,17.5706941,7.99,26.62961,48.051652,17.5706988,26.33806,5.92430797469794
48.051652,17.5706988,7.86,26.33806,48.0516584,17.5707033,25.97114,6.11613810289538
48.0516584,17.5707033,7.81,25.97114,48.0516647,17.5707077,25.45078,5.90508126134125
48.0516647,17.5707077,7.7,25.45078,48.0516709,17.570712,24.80688,5.8109849489767
48.0516709,17.570712,7.58,24.80688,48.0516771,17.5707161,24.38997,6.54774598600712
48.0516771,17.5707161,7.46,24.38997,48.0516832,17.5707201,24.09998,6.84131186935732
48.0516832,17.5707201,7.39,24.09998,48.0516893,17.570724,23.72609,6.89730209211253
48.0516893,17.570724,7.23,23.72609,48.0516953,17.5707278,23.52356,7.29371636405629
48.0516953,17.5707278,7.2,23.52356,48.0517012,17.5707315,22.73432,6.29301160655698
48.0517012,17.5707315,7.1,22.73432,48.051707,17.570735,22.58143,7.5558892945266
48.051707,17.570735,7.06,22.58143,48.0517129,17.5707384,21.92498,7.03400647850306
48.0517129,17.5707384,6.91,21.92498,48.0517186,17.5707418,21.79278,7.81498908675516
48.0517186,17.5707418,6.82,21.79278,48.0517243,17.570745,21.09816,7.11996913041964
48.0517243,17.570745,6.7,21.09816,48.05173,17.5707481,20.70569,7.95293935069621
48.05173,17.5707481,6.67,20.70569,48.0517356,17.570751,19.97272,7.41525545904162
48.0517356,17.570751,6.56,19.97272,48.0517412,17.5707538,19.16163,7.58550608188873
48.0517412,17.5707538,6.47,19.16163,48.0517467,17.5707564,18.29638,7.65448385106691
48.0517467,17.5707564,6.37,18.29638,48.0517522,17.5707589,17.84253,8.6955783687763
48.0517522,17.5707589,6.3,17.84253,48.0517577,17.5707612,17.84253,9.78901463378574
48.0517577,17.5707612,6.3,17.84253,48.0517632,17.5707633,17.84253,9.91880324234019
48.0517632,17.5707633,6.3,17.84253,48.0517687,17.5707653,14.40045,3.75902198981126
48.0517687,17.5707653,6.19,14.40045,48.0517742,17.5707671,13.5982,9.21804597792164
48.0517742,17.5707671,6.13,13.5982,48.0517796,17.5707688,12.2552,8.23042312816435
48.0517796,17.5707688,6.13,12.2552,48.051785,17.5707703,11.40858,9.37416992429777
48.051785,17.5707703,6.05,11.40858,48.0517903,17.5707717,10.12006,8.56569362484602
48.0517903,17.5707717,5.94,10.12006,48.0517955,17.5707728,9.57853,10.1346539390531
48.0517955,17.5707728,5.85,9.57853,48.0518008,17.5707738,8.72934,9.98006424854126
48.0518008,17.5707738,5.78,8.72934,48.0518059,17.5707747,7.79224,9.55996978970491
48.0518059,17.5707747,5.67,7.79224,48.0518109,17.5707756,6.31465,8.50060759658453
48.0518109,17.5707756,5.62,6.31465,48.0518158,17.5707762,6.15932,11.0996822415417
48.0518158,17.5707762,5.45,6.15932,48.0518206,17.5707767,4.97103,9.11124425307731
48.0518206,17.5707767,5.35,4.97103,48.0518254,17.5707771,3.94687,9.66327454485976
48.0518254,17.5707771,5.28,3.94687,48.0518301,17.5707774,2.79424,9.31368449755145
48.0518301,17.5707774,5.21,2.79424,48.0518348,17.5707775,2.79424,11.8556417031167
48.0518348,17.5707775,5.21,2.79424,48.0518394,17.5707776,1.35846,8.62986304967361
48.0518394,17.5707776,5.13,1.35846,48.051844,17.5707776,0.76679,10.5414845341231
48.051844,17.5707776,5.1,0.76679,48.0518486,17.5707775,359.97389,10.1721693880997
48.0518486,17.5707775,4.99,359.97389,48.0518532,17.5707772,358.78472,9.507033444595
48.0518532,17.5707772,4.99,358.78472,48.0518577,17.5707769,357.89319,9.86657494628275
48.0518577,17.5707769,4.96,357.89319,48.0518621,17.5707765,357.32416,10.3252717580054
48.0518621,17.5707765,4.9,357.32416,48.0518666,17.570776,356.76216,10.6772794084404
48.0518666,17.570776,4.85,356.76216,48.0518709,17.5707754,355.23218,8.07946708956009
48.0518709,17.5707754,4.85,355.23218,48.0518753,17.5707747,354.52714,10.0659222111997
48.0518753,17.5707747,4.76,354.52714,48.0518795,17.5707739,353.89549,9.79673460941985
48.0518795,17.5707739,4.8,353.89549,48.0518859,17.5707726,352.90269,14.4252185423153
48.0518859,17.5707726,4.7,352.90269,48.0518901,17.5707716,351.8659,8.8144103546078
48.0518901,17.5707716,4.65,351.8659,48.0518943,17.5707706,350.93968,9.07183173813271
48.0518943,17.5707706,4.62,350.93968,48.0518983,17.5707696,350.63056,9.91946721162001
48.0518983,17.5707696,4.55,350.63056,48.0519024,17.5707684,350.04014,9.55097093542142
48.0519024,17.5707684,4.51,350.04014,48.0519064,17.5707673,349.70122,9.9270762794101
48.0519064,17.5707673,4.49,349.70122,48.0519104,17.5707663,349.65222,10.657030809598
48.0519104,17.5707663,4.44,349.65222,48.0519143,17.5707652,349.71842,10.6884102023279
48.0519143,17.5707652,4.38,349.71842,48.0519182,17.5707643,350.5901,12.7860065154203
48.0519182,17.5707643,4.35,350.5901,48.0519221,17.5707635,351.13077,12.1895379861103
48.0519221,17.5707635,4.3,351.13077,48.0519259,17.5707627,351.66327,12.0294271306052
48.0519259,17.5707627,4.31,351.66327,48.0519298,17.570762,352.63444,13.3858256114483
48.0519298,17.570762,4.24,352.63444,48.0519335,17.5707613,352.4428,10.3024135521976
48.0519335,17.5707613,4.21,352.4428,48.0519373,17.5707607,353.53588,13.6912186463491
48.0519373,17.5707607,4.11,353.53588,48.0519411,17.5707603,353.93631,12.4160163233672
48.0519411,17.5707603,4.11,353.93631,48.0519448,17.5707601,356.24529,16.6321467258553
48.0519448,17.5707601,4.1,356.24529,48.0519485,17.5707599,357.24701,13.6775330603491
48.0519485,17.5707599,4.03,357.24701,48.0519521,17.5707599,358.82909,14.9334924353901
48.0519521,17.5707599,4.08,358.82909,48.0519558,17.5707601,0.35889,14.9814038947094
48.0519558,17.5707601,3.96,0.35889,48.0519611,17.5707606,2.31143,20.9232562034189
48.0519611,17.5707606,3.96,2.31143,48.0519647,17.5707611,4.39501,16.13788467518
48.0519647,17.5707611,3.84,4.39501,48.0519682,17.5707618,5.787,14.4034667006107
48.0519682,17.5707618,3.88,5.787,48.0519717,17.5707628,7.84312,15.6169799607944
48.0519717,17.5707628,3.84,7.84312,48.0519751,17.570764,10.80214,17.1871939961368
48.0519751,17.570764,3.84,10.80214,48.0519784,17.5707653,12.77572,14.2793722181478
48.0519784,17.5707653,3.83,12.77572,48.0519817,17.5707669,15.6645,15.898720446425
48.0519817,17.5707669,3.79,15.6645,48.051985,17.5707686,17.88009,13.9914246301092
48.051985,17.5707686,3.81,17.88009,48.0519882,17.5707705,19.61028,12.0062167070869
48.0519882,17.5707705,3.76,19.61028,48.0519929,17.5707736,21.63469,15.5389854887346
48.0519929,17.5707736,3.72,21.63469,48.0519959,17.570776,25.23138,14.4990366648731
48.0519959,17.570776,3.72,25.23138,48.0519987,17.5707786,28.24228,11.5816836093163
48.0519987,17.5707786,3.68,28.24228,48.0520013,17.5707816,32.02448,11.4765422088272
48.0520013,17.5707816,3.69,32.02448,48.0520039,17.5707848,36.09424,10.8399662947286
48.0520039,17.5707848,3.68,36.09424,48.0520063,17.5707884,40.43503,9.08688019488456
48.0520063,17.5707884,3.69,40.43503,48.0520084,17.5707921,45.13249,7.82324306472534
48.0520084,17.5707921,3.66,45.13249,48.0520105,17.5707961,48.62895,3.22948495813274
48.0520105,17.5707961,3.59,48.62895,48.0520123,17.5708002,53.3372,4.19756091982403
48.0520123,17.5708002,3.63,53.3372,48.0520139,17.5708042,57.35681,1.47563654654586
48.0520139,17.5708042,3.63,57.35681,48.0520153,17.5708086,60.66738,-2.50336466606774
48.0520153,17.5708086,3.49,60.66738,48.0520164,17.5708132,64.60411,-2.96447210144866
48.0520164,17.5708132,3.54,64.60411,48.0520172,17.5708178,71.03012,1.97299653428675
48.0520172,17.5708178,3.53,71.03012,48.0520176,17.5708226,74.93452,-5.9013081757295
48.0520176,17.5708226,3.51,74.93452,48.0520179,17.5708274,81.7689,0.81382835692936
48.0520179,17.5708274,3.49,81.7689,48.0520179,17.5708321,87.05928,-3.06428832350481
48.0520179,17.5708321,3.51,87.05928,48.0520176,17.5708365,90.70455,-6.12957005762447
48.0520176,17.5708365,3.42,90.70455,48.0520172,17.5708409,93.72815,-7.78808794079594
48.0520172,17.5708409,3.37,93.72815,48.0520166,17.5708454,97.94015,-4.91125683669578
48.0520166,17.5708454,3.25,97.94015,48.0520158,17.5708496,102.41886,-2.8391069701843
48.0520158,17.5708496,3.22,102.41886,48.0520149,17.5708535,104.97094,-6.48295679111028
48.0520149,17.5708535,3.19,104.97094,48.0520138,17.5708573,109.54604,0.00644803625788454
48.0520138,17.5708573,3.08,109.54604,48.0520126,17.5708611,113.55775,-0.825359788861909
48.0520126,17.5708611,3.01,113.55775,48.0520112,17.5708645,116.81413,-0.600485110443351
48.0520112,17.5708645,3.08,116.81413,48.0520096,17.570868,120.96909,2.77614135634395
48.0520096,17.570868,2.96,120.96909,48.0520079,17.5708712,124.3372,2.54752117320791
48.0520079,17.5708712,2.98,124.3372,48.0520062,17.5708742,127.49806,3.33371405902723
48.0520062,17.5708742,2.96,127.49806,48.0520044,17.5708771,130.56639,4.33692713237603
48.0520044,17.5708771,2.89,130.56639,48.0520025,17.5708799,133.69344,5.83401678653984
48.0520025,17.5708799,2.89,133.69344,48.0519993,17.5708837,136.92135,7.96591621222637
48.0519993,17.5708837,2.88,136.92135,48.0519972,17.5708862,140.95118,11.48141967574
48.0519972,17.5708862,2.98,140.95118,48.051995,17.5708886,140.95118,0.786653676722673
48.051995,17.5708886,2.98,140.95118,48.0519928,17.5708909,144.12447,10.4521344528612
48.0519928,17.5708909,2.97,144.12447,48.0519906,17.5708932,144.57682,3.09220772272407
48.0519906,17.5708932,2.94,144.57682,48.0519883,17.5708955,145.06425,3.64802953574106
48.0519883,17.5708955,2.98,145.06425,48.0519837,17.5709002,145.34931,5.22355914790544
48.0519837,17.5709002,3.02,145.34931,48.0519814,17.5709025,145.46643,2.66050070049529
48.0519814,17.5709025,3.04,145.46643,48.051979,17.570905,144.97358,0.744272101282852
48.051979,17.570905,3.08,144.97358,48.0519767,17.5709074,144.97358,1.9743505381955
48.0519767,17.5709074,3.08,144.97358,48.0519743,17.57091,144.42431,0.223697977380013
48.0519743,17.57091,3.19,144.42431,48.0519719,17.5709126,143.94841,0.288434790974026
48.0519719,17.5709126,3.17,143.94841,48.0519695,17.5709154,142.3542,-3.5429783618161
48.0519695,17.5709154,3.26,142.3542,48.0519672,17.5709183,141.36265,-2.6732597686726
48.0519672,17.5709183,3.27,141.36265,48.0519648,17.5709213,140.86201,-1.44086565427404
48.0519648,17.5709213,3.4,140.86201,48.0519624,17.5709243,140.12803,-2.19552709923372
48.0519624,17.5709243,3.38,140.12803,48.05196,17.5709275,138.94379,-4.13594470572946
48.05196,17.5709275,3.46,138.94379,48.0519577,17.5709309,137.07129,-7.05240624586095
48.0519577,17.5709309,3.51,137.07129,48.0519552,17.5709344,136.17114,-4.48299700074418
48.0519552,17.5709344,3.55,136.17114,48.0519529,17.5709381,135.26861,-5.67561121759677
48.0519529,17.5709381,3.69,135.26861,48.0519505,17.5709418,134.16359,-6.07696808472218
48.0519505,17.5709418,3.72,134.16359,48.0519481,17.5709456,133.30128,-5.90568103824986
48.0519481,17.5709456,3.78,133.30128,48.0519457,17.5709497,132.69847,-6.08603774786296
48.0519457,17.5709497,3.86,132.69847,48.0519433,17.5709537,131.66592,-7.06140702757863
48.0519433,17.5709537,3.91,131.66592,48.0519409,17.570958,131.37945,-5.99586702250636
48.0519409,17.570958,3.97,131.37945,48.0519385,17.5709622,129.74099,-9.33190021250185
48.0519385,17.5709622,4.01,129.74099,48.0519361,17.5709666,129.88952,-5.46567322960754
48.0519361,17.5709666,4.08,129.88952,48.0519338,17.5709712,128.3907,-10.3194926271148
48.0519338,17.5709712,4.18,128.3907,48.0519315,17.5709759,127.41604,-9.4113270759947
48.0519315,17.5709759,4.21,127.41604,48.0519293,17.5709808,126.12022,-11.0763560222428
48.0519293,17.5709808,4.3,126.12022,48.0519271,17.5709858,123.60522,-14.5126123505405
48.0519271,17.5709858,4.31,123.60522,48.0519251,17.5709911,122.00401,-13.8247556776842
48.0519251,17.5709911,4.43,122.00401,48.0519231,17.5709965,122.00401,-10.2133904134924
48.0519231,17.5709965,4.43,122.00401,48.0519214,17.5710021,117.8996,-21.0615547561877
48.0519214,17.5710021,4.51,117.8996,48.0519197,17.5710078,114.91422,-19.202225740179
48.0519197,17.5710078,4.51,114.91422,48.0519183,17.5710138,113.27867,-17.6179061386321
48.0519183,17.5710138,4.59,113.27867,48.0519171,17.5710199,109.29299,-23.4611255147654
48.0519171,17.5710199,4.58,109.29299,48.0519159,17.5710261,107.423,-19.4970864322491
48.0519159,17.5710261,4.67,107.423,48.051915,17.5710323,103.87255,-23.3990002748843
48.051915,17.5710323,4.68,103.87255,48.0519142,17.5710387,102.80528,-18.7969724130964
48.0519142,17.5710387,4.72,102.80528,48.0519136,17.5710452,100.36176,-22.1242995328485
48.0519136,17.5710452,4.71,100.36176,48.0519132,17.5710518,97.58611,-23.34669774627
48.0519132,17.5710518,4.8,97.58611,48.0519129,17.5710584,95.44302,-21.8745978307512
48.0519129,17.5710584,4.8,95.44302,48.0519128,17.571065,93.48851,-21.5815088359169
48.0519128,17.571065,4.84,93.48851,48.0519129,17.5710718,91.1494,-22.7762597094477
48.0519129,17.5710718,4.85,91.1494,48.0519134,17.5710785,91.1494,-17.6818227604603
48.0519134,17.5710785,4.85,91.1494,48.0519139,17.5710853,91.1494,-17.9285801145145
48.0519139,17.5710853,4.85,91.1494,48.0519146,17.5710921,83.56147,-33.0128519997681
48.0519146,17.5710921,4.96,83.56147,48.0519155,17.5710988,80.32468,-23.4059616784518
48.0519155,17.5710988,5.01,80.32468,48.0519166,17.5711055,78.47334,-20.1717487092609
48.0519166,17.5711055,5.01,78.47334,48.0519178,17.571112,75.24467,-22.1195641702921
48.0519178,17.571112,5.04,75.24467,48.0519193,17.5711186,73.66427,-18.4919686318529
48.0519193,17.5711186,5.1,73.66427,48.0519211,17.5711252,70.79575,-20.3258985926418
48.0519211,17.5711252,5.11,70.79575,48.051923,17.5711316,68.37096,-18.4534541711099
48.051923,17.5711316,5.17,68.37096,48.0519252,17.571138,65.54726,-18.3248167042716
48.0519252,17.571138,5.16,65.54726,48.0519276,17.5711443,62.36125,-18.0162794859113
48.0519276,17.5711443,5.21,62.36125,48.0519301,17.5711505,60.02547,-15.3128149667627
48.0519301,17.5711505,5.26,60.02547,48.0519328,17.5711566,58.70617,-12.350198079315
48.0519328,17.5711566,5.3,58.70617,48.0519357,17.5711626,56.10585,-13.8447129330145
48.0519357,17.5711626,5.37,56.10585,48.0519386,17.5711685,53.91549,-12.1466354535432
48.0519386,17.5711685,5.39,53.91549,48.0519419,17.5711745,53.10106,-8.67798169281459
48.0519419,17.5711745,5.49,53.10106,48.0519451,17.5711804,52.00543,-8.80687277205907
48.0519451,17.5711804,5.52,52.00543,48.0519484,17.5711866,50.91625,-8.8841653959247
48.0519484,17.5711866,5.6,50.91625,48.0519552,17.5711986,50.26137,-12.9356928476687
48.0519552,17.5711986,5.7,50.26137,48.0519623,17.5712107,48.95387,-13.1136790200235
48.0519623,17.5712107,5.85,48.95387,48.051966,17.5712167,48.41902,-5.79253538211661
48.051966,17.5712167,5.94,48.41902,48.0519698,17.5712229,47.63934,-6.18791371906175
48.0519698,17.5712229,6.01,47.63934,48.0519737,17.571229,47.2166,-4.98851453521556
48.0519737,17.571229,6.05,47.2166,48.0519776,17.5712352,46.73951,-5.10307339988112
48.0519776,17.5712352,6.17,46.73951,48.0519815,17.5712416,47.06012,-3.86492013118891
48.0519815,17.5712416,6.2,47.06012,48.0519854,17.5712481,47.6312,-3.67543872834191
48.0519854,17.5712481,6.3,47.6312,48.0519894,17.5712548,48.07232,-4.17025120644916
48.0519894,17.5712548,6.48,48.07232,48.0519933,17.5712616,48.7595,-4.0721911599498
48.0519933,17.5712616,6.49,48.7595,48.0519973,17.5712685,49.41935,-4.32149190818301
48.0519973,17.5712685,6.55,49.41935,48.0520013,17.5712755,49.41935,-5.70728254552308
48.0520013,17.5712755,6.55,49.41935,48.0520053,17.5712826,49.69717,-5.41054466511865
48.0520053,17.5712826,6.74,49.69717,48.0520093,17.5712899,49.69717,-6.10890685451073
48.0520093,17.5712899,6.74,49.69717,48.0520133,17.5712972,50.21995,-5.26252446212809
48.0520133,17.5712972,6.9,50.21995,48.0520175,17.5713047,50.41804,-5.86217047893159
48.0520175,17.5713047,6.97,50.41804,48.0520215,17.5713123,50.77013,-6.02166592926607
48.0520215,17.5713123,7.01,50.77013,48.0520256,17.5713199,50.99076,-6.17113813891884
48.0520256,17.5713199,7.1,50.99076,48.0520297,17.5713276,51.25877,-6.23665976273726
48.0520297,17.5713276,7.18,51.25877,48.0520338,17.5713355,51.72186,-6.23974372531822
48.0520338,17.5713355,7.23,51.72186,48.0520379,17.5713435,52.31474,-6.2716021353833
48.0520379,17.5713435,7.27,52.31474,48.0520419,17.5713516,53.04614,-6.44680952911132
48.0520419,17.5713516,7.36,53.04614,48.0520458,17.5713599,54.27172,-6.20457488102948
48.0520458,17.5713599,7.33,54.27172,48.0520497,17.5713683,54.97934,-7.5148098253831
48.0520497,17.5713683,7.44,54.97934,48.0520535,17.5713767,55.4242,-8.10472965348865
48.0520535,17.5713767,7.45,55.4242,48.0520572,17.5713852,56.34871,-7.71582192259815
48.0520572,17.5713852,7.46,56.34871,48.0520608,17.5713938,56.97901,-8.64849632024123
48.0520608,17.5713938,7.4,56.97901,48.0520644,17.5714023,57.89009,-8.2735434912747
48.0520644,17.5714023,7.44,57.89009,48.0520678,17.571411,58.07456,-10.0925479042489
48.0520678,17.571411,7.32,58.07456,48.052071,17.5714196,59.69486,-8.04646410556639
48.052071,17.5714196,7.28,59.69486,48.0520741,17.5714284,60.93318,-9.48652594931996
48.0520741,17.5714284,7.25,60.93318,48.0520771,17.5714371,62.2249,-9.6398328320853
48.0520771,17.5714371,7.23,62.2249,48.0520799,17.5714459,63.14408,-10.8754101957695
48.0520799,17.5714459,7.16,63.14408,48.0520826,17.5714547,64.60072,-10.3786132434868
48.0520826,17.5714547,7.1,64.60072,48.0520852,17.5714634,65.495,-11.5779469666728
48.0520852,17.5714634,7.06,65.495,48.0520876,17.5714722,66.64015,-11.7234606356043
48.0520876,17.5714722,7.05,66.64015,48.0520897,17.5714811,68.20564,-11.6423127134162
48.0520897,17.5714811,6.97,68.20564,48.0520917,17.57149,69.98483,-11.7452949192275
48.0520917,17.57149,6.91,69.98483,48.0520936,17.5714989,71.19782,-13.1374190305084
48.0520936,17.5714989,6.88,71.19782,48.0520953,17.5715078,72.33975,-13.6079815807202
48.0520953,17.5715078,6.82,72.33975,48.0520968,17.5715167,72.33975,-15.9230579344419
48.0520968,17.5715167,6.82,72.33975,48.0520981,17.5715256,75.96025,-9.83142285905153
48.0520981,17.5715256,6.72,75.96025,48.0520992,17.5715346,78.05958,-13.3118540966219
48.0520992,17.5715346,6.68,78.05958,48.0521001,17.5715435,79.96999,-13.7936897893343
48.0521001,17.5715435,6.65,79.96999,48.0521009,17.5715524,81.56987,-14.5779138576285
48.0521009,17.5715524,6.61,81.56987,48.0521014,17.5715614,82.79835,-15.689120929191
48.0521014,17.5715614,6.54,82.79835,48.0521018,17.5715702,84.81748,-14.104032663341
48.0521018,17.5715702,6.48,84.81748,48.0521019,17.5715789,86.82023,-14.1651127383002
48.0521019,17.5715789,6.5,86.82023,48.0521018,17.5715876,89.05566,-13.7291903903681
48.0521018,17.5715876,6.39,89.05566,48.0521015,17.5715962,91.37686,-13.5744211761616
48.0521015,17.5715962,6.33,91.37686,48.0521009,17.5716047,93.76364,-13.2767162308615
48.0521009,17.5716047,6.31,93.76364,48.0521001,17.5716131,96.13949,-12.9820682103856
48.0521001,17.5716131,6.27,96.13949,48.0520978,17.5716297,100.53561,-23.7131295543356
48.0520978,17.5716297,6.19,100.53561,48.0520964,17.5716376,102.2823,-12.6802219193878
48.0520964,17.5716376,6.14,102.2823,48.0520948,17.5716455,105.02555,-10.4264108781599
48.0520948,17.5716455,6.11,105.02555,48.0520909,17.5716611,109.28366,-20.0768667374916
48.0520909,17.5716611,6.04,109.28366,48.0520887,17.5716687,111.33569,-9.93514004819421
48.0520887,17.5716687,6.07,111.33569,48.0520863,17.5716763,113.49964,-9.09250516111666
48.0520863,17.5716763,6.09,113.49964,48.0520836,17.5716837,116.18532,-6.81687530389399
48.0520836,17.5716837,6.1,116.18532,48.0520809,17.5716911,118.00479,-8.09940460235154
48.0520809,17.5716911,6.12,118.00479,48.052078,17.5716983,119.68516,-7.37164931458644
48.052078,17.5716983,6.15,119.68516,48.052075,17.5717056,120.58654,-8.72314665851948
48.052075,17.5717056,6.17,120.58654,48.0520718,17.5717127,120.58654,-9.86186556610613
48.0520718,17.5717127,6.17,120.58654,48.0520684,17.5717196,124.04686,-1.621742761313
48.0520684,17.5717196,6.25,124.04686,48.0520648,17.5717264,126.2309,-3.06887215316043
48.0520648,17.5717264,6.3,126.2309,48.0520611,17.5717331,127.96863,-3.14209595645562
48.0520611,17.5717331,6.32,127.96863,48.0520572,17.5717397,129.67464,-2.29192882417439
48.0520572,17.5717397,6.38,129.67464,48.0520532,17.5717462,130.98869,-2.36138433701784
48.0520532,17.5717462,6.34,130.98869,48.0520492,17.5717527,132.3808,-1.84516270096351
48.0520492,17.5717527,6.47,132.3808,48.052045,17.5717589,133.28734,-1.72480363172198
48.052045,17.5717589,6.46,133.28734,48.0520407,17.5717652,134.92882,0.14257378901184
48.0520407,17.5717652,6.49,134.92882,48.0520362,17.5717712,136.38635,0.946724897598893
48.0520362,17.5717712,6.58,136.38635,48.0520314,17.5717772,138.22955,2.66888885952197
48.0520314,17.5717772,6.58,138.22955,48.0520265,17.5717828,140.22344,4.2182910147079
48.0520265,17.5717828,6.69,140.22344,48.0520215,17.5717882,140.22344,0.80322324655201
48.0520215,17.5717882,6.69,140.22344,48.0520164,17.5717935,143.98443,9.25447311886517
48.0520164,17.5717935,6.76,143.98443,48.0520112,17.5717986,145.47568,5.68945838605128
48.0520112,17.5717986,6.82,145.47568,48.0520058,17.5718037,146.84493,6.11085186952525
48.0520058,17.5718037,6.8,146.84493,48.0520004,17.5718086,147.54005,5.24316478048719
48.0520004,17.5718086,6.86,147.54005,48.0519949,17.5718134,148.67736,6.59784630878663
48.0519949,17.5718134,6.89,148.67736,48.0519893,17.571818,148.67736,4.81829309180728
48.0519893,17.571818,6.89,148.67736,48.0519836,17.5718224,151.39066,10.9117515646544
48.0519836,17.5718224,6.98,151.39066,48.0519777,17.5718267,152.37178,8.25560939358452
48.0519777,17.5718267,7.01,152.37178,48.0519719,17.5718309,153.77287,9.23118329525216
48.0519719,17.5718309,7.06,153.77287,48.0519659,17.5718349,154.59573,8.80460201596274
48.0519659,17.5718349,7.06,154.59573,48.0519599,17.5718387,155.72886,9.7730617897282
48.0519599,17.5718387,7.15,155.72886,48.0519537,17.5718424,156.86905,10.3415277954176
48.0519537,17.5718424,7.11,156.86905,48.0519474,17.5718456,158.49829,12.1245492661542
48.0519474,17.5718456,7.22,158.49829,48.0519411,17.5718487,159.7448,11.5675984568133
48.0519411,17.5718487,7.26,159.7448,48.0519346,17.5718517,161.5436,13.2266656957855
48.0519346,17.5718517,7.29,161.5436,48.0519281,17.5718545,162.87982,12.6657865980102
48.0519281,17.5718545,7.36,162.87982,48.0519216,17.571857,164.03537,12.5659340305267
48.0519216,17.571857,7.39,164.03537,48.051915,17.5718592,165.61966,13.8162143360913
48.051915,17.5718592,7.4,165.61966,48.0519082,17.5718613,167.32188,14.6033868801365
48.0519082,17.5718613,7.44,167.32188,48.0519015,17.571863,168.83388,14.330872455729
48.0519015,17.571863,7.51,168.83388,48.0518946,17.5718645,170.25899,14.6123261013916
48.0518946,17.5718645,7.52,170.25899,48.0518877,17.5718657,171.90739,15.1988933021914
48.0518877,17.5718657,7.56,171.90739,48.0518807,17.5718666,173.47058,15.3206215073479
48.0518807,17.5718666,7.57,173.47058,48.0518737,17.5718672,175.07575,15.502864340824
48.0518737,17.5718672,7.59,175.07575,48.0518667,17.5718676,176.87111,15.8865191146078
48.0518667,17.5718676,7.63,176.87111,48.0518597,17.5718676,178.22549,15.0961348428059
48.0518597,17.5718676,7.64,178.22549,48.0518527,17.5718675,180.07111,15.9525017235543
48.0518527,17.5718675,7.66,180.07111,48.0518457,17.5718672,180.85129,14.0340169268251
48.0518457,17.5718672,7.66,180.85129,48.0518387,17.5718666,182.57065,15.6403475096391
48.0518387,17.5718666,7.66,182.57065,48.0518317,17.5718657,183.8736,14.8320584688692
48.0518317,17.5718657,7.65,183.8736,48.0518246,17.5718644,185.12576,14.8136266689719
48.0518246,17.5718644,7.67,185.12576,48.0518176,17.5718629,186.85033,15.2961860387295
48.0518176,17.5718629,7.68,186.85033,48.0518107,17.5718612,188.5719,14.9257655609074
48.0518107,17.5718612,7.72,188.5719,48.0518003,17.571858,189.48047,18.806044735844
48.0518003,17.571858,7.69,189.48047,48.0517934,17.5718555,192.34938,16.3013678491818
48.0517934,17.5718555,7.69,192.34938,48.0517867,17.5718526,194.21436,13.7907226114752
48.0517867,17.5718526,7.71,194.21436,48.0517799,17.5718496,195.47753,12.6459701724317
48.0517799,17.5718496,7.69,195.47753,48.0517732,17.5718462,196.99422,12.523380246772
48.0517732,17.5718462,7.71,196.99422,48.0517665,17.5718426,198.58533,12.2594899591612
48.0517665,17.5718426,7.7,198.58533,48.0517599,17.5718387,199.98518,11.3401577118743
48.0517599,17.5718387,7.71,199.98518,48.0517534,17.5718346,201.65881,11.2093221491168
48.0517534,17.5718346,7.75,201.65881,48.0517469,17.5718304,202.89016,10.0719256914216
48.0517469,17.5718304,7.75,202.89016,48.0517404,17.5718258,204.39404,9.96218816958544
48.0517404,17.5718258,7.75,204.39404,48.0517341,17.5718209,205.67992,8.74207141210758
48.0517341,17.5718209,7.81,205.67992,48.0517279,17.571816,206.84907,8.06420031815813
48.0517279,17.571816,7.8,206.84907,48.0517217,17.5718108,208.24668,7.91210574641618
48.0517217,17.5718108,7.75,208.24668,48.0517155,17.5718054,209.36021,7.00025047479516
48.0517155,17.5718054,7.77,209.36021,48.0517093,17.5717999,210.49235,6.65279658358586
48.0517093,17.5717999,7.8,210.49235,48.0517032,17.5717942,211.62123,6.00740003805238
48.0517032,17.5717942,7.84,211.62123,48.0516972,17.5717883,212.33311,4.71786999577111
48.0516972,17.5717883,7.88,212.33311,48.0516912,17.5717822,213.02993,4.30011517728064
48.0516912,17.5717822,7.86,213.02993,48.0516852,17.5717761,214.18987,4.83119727700737
48.0516852,17.5717761,7.92,214.18987,48.0516793,17.5717698,214.72674,3.20645361234803
48.0516793,17.5717698,7.88,214.72674,48.0516734,17.5717635,215.50699,3.4449490153332
48.0516734,17.5717635,7.91,215.50699,48.0516675,17.5717571,215.98385,2.66271980997642
48.0516675,17.5717571,7.92,215.98385,48.0516615,17.5717507,216.03348,2.02906929619233
48.0516615,17.5717507,7.98,216.03348,48.0516556,17.5717442,215.84055,1.3889299441686
48.0516556,17.5717442,7.99,215.84055,48.0516497,17.5717376,216.45895,2.55768994588877
48.0516497,17.5717376,8,216.45895,48.0516437,17.5717311,216.16443,1.26040549349273
48.0516437,17.5717311,8.09,216.16443,48.0516377,17.5717245,216.16443,1.66284520499321
48.0516377,17.5717245,8.09,216.16443,48.0516316,17.5717178,216.27383,1.86432828304542
48.0516316,17.5717178,8.13,216.27383,48.0516254,17.5717111,216.45173,2.06902535542703
48.0516254,17.5717111,8.26,216.45173,48.0516193,17.5717043,216.11682,0.993311728026654
48.0516193,17.5717043,8.29,216.11682,48.0516131,17.5716974,216.58746,2.30857782984844
48.0516131,17.5716974,8.36,216.58746,48.0516068,17.5716905,216.58408,1.60408569995301
48.0516068,17.5716905,8.47,216.58408,48.0516005,17.5716834,216.3417,1.03674013743213
48.0516005,17.5716834,8.53,216.3417,48.0515942,17.5716764,216.87762,2.33075231216753
48.0515942,17.5716764,8.61,216.87762,48.0515878,17.5716692,216.83747,1.26529386444183
48.0515878,17.5716692,8.63,216.83747,48.0515814,17.571662,216.93817,1.477869172727
48.0515814,17.571662,8.71,216.93817,48.051575,17.5716547,216.91113,1.15570793936787
48.051575,17.5716547,8.77,216.91113,48.0515686,17.5716474,217.11817,1.49315332219393
48.0515686,17.5716474,8.83,217.11817,48.0515621,17.5716401,217.39211,1.65349627666013
48.0515621,17.5716401,8.86,217.39211,48.0515524,17.5716288,217.47586,1.47203896275517
48.0515524,17.5716288,8.82,217.47586,48.051546,17.5716213,217.9608,1.53206687548381
48.051546,17.5716213,8.92,217.9608,48.0515395,17.5716138,217.8998,0.733932198965093
48.0515395,17.5716138,8.9,217.8998,48.0515331,17.5716062,218.23764,1.09641691410334
48.0515331,17.5716062,8.94,218.23764,48.0515266,17.5715985,218.32874,0.673913618799305
48.0515266,17.5715985,8.96,218.32874,48.0515202,17.5715909,218.43571,0.643847731172156
48.0515202,17.5715909,9,218.43571,48.0515137,17.5715831,218.55825,0.560337419333494
48.0515137,17.5715831,9.04,218.55825,48.0515072,17.5715754,218.80003,0.7924073110433
48.0515072,17.5715754,9,218.80003,48.0515008,17.5715676,218.83257,0.205861077416519
48.0515008,17.5715676,9.04,218.83257,48.0514943,17.5715597,219.19154,0.681611817485152
48.0514943,17.5715597,9.07,219.19154,48.0514879,17.5715518,219.1845,-0.0603905266661436
48.0514879,17.5715518,9.04,219.1845,48.0514814,17.5715439,219.472,0.480873381549488
48.0514814,17.5715439,9.05,219.472,48.051475,17.571536,219.45979,-0.146685063160386
48.051475,17.571536,9.17,219.45979,48.0514686,17.5715279,219.89332,0.286077978485674
48.0514686,17.5715279,9.12,219.89332,48.0514622,17.5715199,220.10596,-0.0472096988983475
48.0514622,17.5715199,9.13,220.10596,48.0514557,17.5715119,220.10596,-0.286271234134676
48.0514557,17.5715119,9.13,220.10596,48.0514494,17.5715039,219.80566,-0.950698347656808
48.0514494,17.5715039,9.11,219.80566,48.0514431,17.5714958,220.35586,0.231373610499796
48.0514431,17.5714958,9.1,220.35586,48.0514369,17.5714878,220.8372,-0.0374963647606366
48.0514369,17.5714878,9.03,220.8372,48.0514275,17.5714757,220.50968,-1.68821996089519
48.0514275,17.5714757,9,220.50968,48.0514214,17.5714677,221.12924,-0.009713664440624
48.0514214,17.5714677,8.91,221.12924,48.0514153,17.5714598,220.89645,-1.29895401085123
48.0514153,17.5714598,8.87,220.89645,48.0514093,17.5714519,221.33222,-0.404078919315844
48.0514093,17.5714519,8.81,221.33222,48.0514033,17.5714441,221.35295,-1.01889582038993
48.0514033,17.5714441,8.76,221.35295,48.0513974,17.5714362,221.32469,-1.33064775983183
48.0513974,17.5714362,8.69,221.32469,48.0513915,17.5714283,221.86169,-0.517924330457876
48.0513915,17.5714283,8.61,221.86169,48.0513856,17.5714205,221.53488,-1.81673654409347
48.0513856,17.5714205,8.63,221.53488,48.0513682,17.571397,222.1472,-3.67909398357736
48.0513682,17.571397,8.56,222.1472,48.0513625,17.5713892,222.46356,-1.21934150791765
48.0513625,17.5713892,8.53,222.46356,48.0513568,17.5713813,222.23316,-2.21989877585126
48.0513568,17.5713813,8.51,222.23316,48.051351,17.5713735,222.51704,-1.17542049490952
48.051351,17.5713735,8.47,222.51704,48.0513454,17.5713656,222.40679,-2.19694231073244
48.0513454,17.5713656,8.48,222.40679,48.0513396,17.5713578,222.88515,-0.946314937117065
48.0513396,17.5713578,8.45,222.88515,48.051334,17.5713499,222.75208,-2.33848921137859
48.051334,17.5713499,8.54,222.75208,48.0513283,17.571342,223.0922,-1.47097692913527
48.0513283,17.571342,8.45,223.0922,48.0513226,17.5713341,222.69606,-2.65664088633006
48.0513226,17.5713341,8.47,222.69606,48.051317,17.5713261,223.17976,-1.49704405151765
48.051317,17.5713261,8.47,223.17976,48.0513113,17.5713183,223.10901,-2.08854104236418
48.0513113,17.5713183,8.47,223.10901,48.0513057,17.5713103,223.16439,-2.23716800395188
48.0513057,17.5713103,8.43,223.16439,48.0513,17.5713023,223.29438,-2.0312027449889
48.0513,17.5713023,8.46,223.29438,48.0512944,17.5712943,223.29438,-2.3727351775061
48.0512944,17.5712943,8.46,223.29438,48.0512888,17.5712863,223.67117,-1.82434963858943
48.0512888,17.5712863,8.45,223.67117,48.0512832,17.5712783,223.67761,-2.47272526679074
48.0512832,17.5712783,8.51,223.67761,48.0512776,17.5712702,223.63153,-2.65056719890327
48.0512776,17.5712702,8.48,223.63153,48.051272,17.5712622,223.75001,-2.29072459924629
48.051272,17.5712622,8.48,223.75001,48.0512664,17.571254,224.21686,-2.05129614617597
48.0512664,17.571254,8.54,224.21686,48.0512606,17.5712458,224.04209,-2.85765987384496
48.0512606,17.5712458,8.51,224.04209,48.051255,17.5712378,223.84553,-2.85650333958341
48.051255,17.5712378,8.57,223.84553,48.0512436,17.5712216,223.90454,-4.9121775996814
48.0512436,17.5712216,8.54,223.90454,48.0512379,17.5712136,223.53503,-2.93979944096842
48.0512379,17.5712136,8.58,223.53503,48.0512322,17.5712055,223.31167,-2.72724598677219
48.0512322,17.5712055,8.59,223.31167,48.0512264,17.5711974,223.40974,-2.07634737248492
48.0512264,17.5711974,8.61,223.40974,48.0512206,17.5711893,223.40974,-2.24122548209251
48.0512206,17.5711893,8.61,223.40974,48.0512149,17.5711812,223.30154,-2.51768234904422
48.0512149,17.5711812,8.62,223.30154,48.0512091,17.5711732,223.36899,-1.99729743489211
48.0512091,17.5711732,8.63,223.36899,48.0512004,17.5711611,222.77295,-4.05314611274224
48.0512004,17.5711611,8.59,222.77295,48.0511946,17.5711531,222.77295,-1.95117860235049
48.0511946,17.5711531,8.59,222.77295,48.0511889,17.5711451,222.88154,-1.91581731972762
48.0511889,17.5711451,8.6,222.88154,48.0511832,17.5711372,223.1046,-1.66545789366398
48.0511832,17.5711372,8.61,223.1046,48.0511774,17.5711292,223.02462,-2.15660564461855
48.0511774,17.5711292,8.56,223.02462,48.0511717,17.5711213,222.94848,-2.14754899546236
48.0511717,17.5711213,8.55,222.94848,48.051166,17.5711134,223.04045,-1.88438063293452
48.051166,17.5711134,8.54,223.04045,48.0511603,17.5711055,222.89437,-2.25785644772737
48.0511603,17.5711055,8.46,222.89437,48.0511546,17.5710976,222.94493,-1.94808591976426
48.0511546,17.5710976,8.47,222.94493,48.0511489,17.5710897,223.01875,-1.92646394935954
48.0511489,17.5710897,8.51,223.01875,48.0511433,17.5710818,222.93769,-2.28636279643549
48.0511433,17.5710818,8.41,222.93769,48.0511376,17.571074,222.97848,-1.87004073056999
48.0511376,17.571074,8.47,222.97848,48.0511319,17.5710662,222.83818,-2.13327013083329
48.0511319,17.5710662,8.44,222.83818,48.0511263,17.5710584,222.91111,-1.91245035726175
48.0511263,17.5710584,8.41,222.91111,48.0511207,17.5710506,223.04564,-1.8492124391779
48.0511207,17.5710506,8.37,223.04564,48.0511151,17.5710428,222.69414,-2.60709124979707
48.0511151,17.5710428,8.34,222.69414,48.0511095,17.5710351,222.83063,-1.68395079942212
48.0511095,17.5710351,8.35,222.83063,48.0511039,17.5710274,222.92342,-1.78443928702363
48.0511039,17.5710274,8.31,222.92342,48.0510983,17.5710197,223.13956,-1.63742620212802
48.0510983,17.5710197,8.29,223.13956,48.0510928,17.5710121,222.71687,-2.65123184005598
48.0510928,17.5710121,8.25,222.71687,48.0510873,17.5710044,222.93788,-1.70959688965345
48.0510873,17.5710044,8.26,222.93788,48.0510818,17.5709967,222.8794,-2.1815620638053
48.0510818,17.5709967,8.24,222.8794,48.0510763,17.5709891,223.02131,-1.75669110227137
48.0510763,17.5709891,8.23,223.02131,48.0510708,17.5709815,223.09749,-1.89560079182805
48.0510708,17.5709815,8.18,223.09749,48.0510653,17.5709739,223.02545,-2.14715183562191
48.0510653,17.5709739,8.14,223.02545,48.0510599,17.5709663,223.14721,-1.97559243087447
48.0510599,17.5709663,8.17,223.14721,48.0510544,17.5709588,223.13227,-1.96027816039901
48.0510544,17.5709588,8.13,223.13227,48.051049,17.5709512,222.94759,-2.46285410167236
48.051049,17.5709512,8.09,222.94759,48.0510436,17.5709436,223.17303,-1.81098651309449
48.0510436,17.5709436,8.07,223.17303,48.0510382,17.5709362,223.17303,-1.97468196712056
48.0510382,17.5709362,8.07,223.17303,48.0510329,17.5709287,222.80618,-2.7699301081953
48.0510329,17.5709287,8.05,222.80618,48.0510276,17.5709213,223.14546,-1.49820428767685
48.0510276,17.5709213,7.99,223.14546,48.0510223,17.5709138,222.95244,-2.52343791402532
48.0510223,17.5709138,7.98,222.95244,48.051017,17.5709064,223.18228,-1.71744593576087
48.051017,17.5709064,7.97,223.18228,48.0510117,17.570899,223.16061,-2.16109591781323
48.0510117,17.570899,7.94,223.16061,48.0510064,17.5708916,223.24009,-2.01029428328268
48.0510064,17.5708916,7.86,223.24009,48.0510011,17.5708843,223.09494,-2.26731843510293
48.0510011,17.5708843,7.93,223.09494,48.0509958,17.5708769,223.00644,-2.24656085426026
48.0509958,17.5708769,7.88,223.00644,48.0509905,17.5708695,223.11284,-1.94039262843434
48.0509905,17.5708695,7.89,223.11284,48.0509853,17.5708623,223.10189,-2.03075614200856
48.0509853,17.5708623,7.85,223.10189,48.05098,17.5708551,222.88695,-2.21389167422061
48.05098,17.5708551,7.82,222.88695,48.0509747,17.5708479,222.48671,-2.44091083421684
48.0509747,17.5708479,7.79,222.48671,48.0509694,17.5708407,222.42607,-1.82109808089619
48.0509694,17.5708407,7.8,222.42607,48.0509641,17.5708336,222.25736,-1.84410868919569
48.0509641,17.5708336,7.78,222.25736,48.0509588,17.5708264,222.12001,-1.87482021351092
48.0509588,17.5708264,7.8,222.12001,48.0509535,17.5708193,222.14125,-1.47085270098759
48.0509535,17.5708193,7.79,222.14125,48.0509482,17.5708122,221.93123,-1.82928567369484
48.0509482,17.5708122,7.79,221.93123,48.0509429,17.5708052,221.66547,-1.73488880330342
48.0509429,17.5708052,7.71,221.66547,48.0509377,17.5707982,221.67035,-1.39824121740073
48.0509377,17.5707982,7.7,221.67035,48.0509326,17.5707914,221.70107,-1.25492361126108
48.0509326,17.5707914,7.6,221.70107,48.0509224,17.570778,221.53098,-2.61993833120646
48.0509224,17.570778,7.55,221.53098,48.0509173,17.5707714,221.53098,-1.03958474649627
48.0509173,17.5707714,7.55,221.53098,48.0509124,17.570765,220.96623,-1.95074571522043
48.0509124,17.570765,7.27,220.96623,48.0509075,17.5707586,221.00352,-0.896334098215611
48.0509075,17.5707586,7.18,221.00352,48.0509026,17.5707523,221.00352,-0.848076531680674
48.0509026,17.5707523,7.18,221.00352,48.0508978,17.5707461,220.99331,-0.883493432570747
48.0508978,17.5707461,7.05,220.99331,48.0508931,17.5707399,220.9251,-1.13702988121619
48.0508931,17.5707399,6.88,220.9251,48.0508884,17.5707338,220.91069,-0.922232078368666
48.0508884,17.5707338,6.91,220.91069,48.0508837,17.5707279,220.78887,-0.825291720039277
48.0508837,17.5707279,6.77,220.78887,48.0508791,17.5707219,220.61388,-1.1808252628801
48.0508791,17.5707219,6.69,220.61388,48.0508745,17.570716,220.70087,-0.579583609622838
48.0508745,17.570716,6.65,220.70087,48.0508699,17.5707103,220.74963,-0.397731407498822
48.0508699,17.5707103,6.58,220.74963,48.0508654,17.5707045,220.50631,-1.19450392233467
48.0508654,17.5707045,6.48,220.50631,48.0508609,17.5706988,220.33592,-0.881829516392089
48.0508609,17.5706988,6.49,220.33592,48.0508565,17.5706932,220.33592,-0.575717747089558
48.0508565,17.5706932,6.49,220.33592,48.0508521,17.5706877,220.2111,-0.64693850606776
48.0508521,17.5706877,6.36,220.2111,48.0508478,17.5706823,219.53001,-1.58943945922039
48.0508478,17.5706823,6.25,219.53001,48.0508434,17.5706768,219.96617,0.504501206879063
48.0508434,17.5706768,6.18,219.96617,48.0508391,17.5706715,220.23642,0.221074248424637
48.0508391,17.5706715,6.15,220.23642,48.0508348,17.5706661,219.75268,-1.28534351820633
48.0508348,17.5706661,6.14,219.75268,48.0508306,17.5706609,219.85608,-0.0368641424520189
48.0508306,17.5706609,6.08,219.85608,48.0508264,17.5706557,219.49559,-0.86597313150682
48.0508264,17.5706557,6.04,219.49559,48.0508222,17.5706505,219.42048,-0.279897487255246
48.0508222,17.5706505,5.97,219.42048,48.050818,17.5706454,219.54189,0.225047380606996
48.050818,17.5706454,5.88,219.54189,48.0508139,17.5706404,219.25599,-0.551764361435716
48.0508139,17.5706404,5.87,219.25599,48.0508098,17.5706354,219.19936,-0.0744592395992571
48.0508098,17.5706354,5.8,219.19936,48.0508057,17.5706304,219.09256,-0.148227440999229
48.0508057,17.5706304,5.78,219.09256,48.0508016,17.5706254,219.28866,0.415288489798117
48.0508016,17.5706254,5.74,219.28866,48.0507975,17.5706205,218.92425,-0.480391727883362
48.0507975,17.5706205,5.74,218.92425,48.0507934,17.5706156,218.97323,0.349424567814402
48.0507934,17.5706156,5.69,218.97323,48.0507894,17.5706108,218.66948,-0.32663035957336
48.0507894,17.5706108,5.71,218.66948,48.0507853,17.570606,218.71262,0.556247739202744
48.0507853,17.570606,5.66,218.71262,48.0507813,17.5706013,218.71452,0.43799133982407
48.0507813,17.5706013,5.63,218.71452,48.0507773,17.5705965,218.31249,-0.435381078252294
48.0507773,17.5705965,5.66,218.31249,48.0507733,17.5705918,218.49393,0.863010407642905
48.0507733,17.5705918,5.63,218.49393,48.0507693,17.5705871,217.9636,-0.459991234612494
48.0507693,17.5705871,5.54,217.9636,48.0507653,17.5705824,217.98318,0.674306960771523
48.0507653,17.5705824,5.54,217.98318,48.0507613,17.5705778,217.96351,0.74800004621312
48.0507613,17.5705778,5.53,217.96351,48.0507574,17.5705732,218.32921,1.26150014993336
48.0507574,17.5705732,5.52,218.32921,48.0507534,17.5705686,217.99015,0.0811879821015388
48.0507534,17.5705686,5.44,217.99015,48.0507495,17.570564,217.95364,0.53238239299197
48.0507495,17.570564,5.46,217.95364,48.0507456,17.5705595,218.04983,0.934093412535387
48.0507456,17.5705595,5.43,218.04983,48.0507417,17.570555,218.27128,1.14266157218036
48.0507417,17.570555,5.35,218.27128,48.0507378,17.5705505,217.47995,-0.768855960585275
48.0507378,17.5705505,5.45,217.47995,48.050734,17.570546,218.0629,1.75253268167106
48.050734,17.570546,5.32,218.0629,48.0507301,17.5705416,217.95874,0.709246800117085
48.0507301,17.5705416,5.32,217.95874,48.0507262,17.5705372,217.67022,0.395171518667683
48.0507262,17.5705372,5.31,217.67022,48.0507224,17.5705328,217.37558,0.258903239522365
48.0507224,17.5705328,5.26,217.37558,48.0507186,17.5705283,218.00675,1.90480156290308
48.0507186,17.5705283,5.28,218.00675,48.0507148,17.5705241,217.83335,0.71137914379999
48.0507148,17.5705241,5.25,217.83335,48.0507111,17.5705197,217.24651,-0.524768746370839
48.0507111,17.5705197,5.21,217.24651,48.0507074,17.5705155,218.31002,3.02995019819466
48.0507074,17.5705155,5.17,218.31002,48.0507036,17.5705111,217.47765,-0.902972942934304
48.0507036,17.5705111,5.13,217.47765,48.0506999,17.5705068,217.47405,0.824458645649149
48.0506999,17.5705068,5.16,217.47405,48.0506962,17.5705027,217.52736,1.24326932877331
48.0506962,17.5705027,5.1,217.52736,48.0506925,17.5704984,217.54328,0.852580394544042
48.0506925,17.5704984,5.06,217.54328,48.0506889,17.5704942,217.56736,0.821357339910682
48.0506889,17.5704942,5.1,217.56736,48.0506853,17.5704901,217.56083,0.911180989018907
48.0506853,17.5704901,5.03,217.56083,48.0506817,17.5704859,217.73869,1.11395525998077
48.0506817,17.5704859,4.99,217.73869,48.050678,17.5704818,217.3906,0.441626173135828
48.050678,17.5704818,5,217.3906,48.0506744,17.5704777,217.60092,1.38611874210433
48.0506744,17.5704777,4.96,217.60092,48.0506709,17.5704735,217.6359,0.629178393666401
48.0506709,17.5704735,4.93,217.6359,48.0506673,17.5704695,217.60429,1.03556480417295
48.0506673,17.5704695,4.92,217.60429,48.0506637,17.5704654,217.69603,1.11895395661802
48.0506637,17.5704654,4.91,217.69603,48.0506602,17.5704613,217.71863,0.750760814591726
48.0506602,17.5704613,4.86,217.71863,48.0506567,17.5704573,217.4285,0.309984872119669
48.0506567,17.5704573,4.85,217.4285,48.0506532,17.5704533,217.32366,0.744394311423538
48.0506532,17.5704533,4.84,217.32366,48.0506497,17.5704493,217.50209,1.32351884988405
48.0506497,17.5704493,4.83,217.50209,48.0506462,17.5704453,217.78376,1.48140978207467
48.0506462,17.5704453,4.8,217.78376,48.0506428,17.5704413,217.37269,-0.154734895934567
48.0506428,17.5704413,4.75,217.37269,48.0506393,17.5704374,217.53177,1.45960479635529
48.0506393,17.5704374,4.71,217.53177,48.0506359,17.5704335,217.87466,1.57047154408713
48.0506359,17.5704335,4.68,217.87466,48.0506325,17.5704296,217.22844,-0.467595162131652
48.0506325,17.5704296,4.67,217.22844,48.0506292,17.5704257,217.70855,1.70558875587924
48.0506292,17.5704257,4.67,217.70855,48.0506258,17.5704219,217.65816,0.926865669501182
48.0506258,17.5704219,4.63,217.65816,48.0506225,17.5704181,217.41311,0.334016976256604
48.0506225,17.5704181,4.62,217.41311,48.0506192,17.5704142,217.65761,1.20038294637169
48.0506192,17.5704142,4.57,217.65761,48.0506159,17.5704104,217.8276,1.17287131481101
48.0506159,17.5704104,4.58,217.8276,48.0506126,17.5704067,217.49292,0.290896315516942
48.0506126,17.5704067,4.52,217.49292,48.0506093,17.5704029,217.53716,0.970255390441718
48.0506093,17.5704029,4.51,217.53716,48.0506061,17.5703992,218.06071,1.87786501446021
48.0506061,17.5703992,4.49,218.06071,48.0506029,17.5703955,218.0904,0.752123443473087
48.0506029,17.5703955,4.47,218.0904,48.0505997,17.5703918,217.21676,-1.08763082107046
48.0505997,17.5703918,4.44,217.21676,48.0505965,17.570388,217.91996,2.16124266200112
48.0505965,17.570388,4.43,217.91996,48.0505933,17.5703844,217.78919,0.647855299216387
48.0505933,17.5703844,4.4,217.78919,48.0505901,17.5703808,217.78919,0.95242797107378
48.0505901,17.5703808,4.4,217.78919,48.050587,17.5703771,217.71478,0.386286393022963
48.050587,17.5703771,4.35,217.71478,48.0505839,17.5703735,217.61846,0.54585923564128
48.0505839,17.5703735,4.34,217.61846,48.0505807,17.5703698,217.99642,1.60097403145161
48.0505807,17.5703698,4.31,217.99642,48.0505775,17.5703661,217.99642,0.731822024907399
48.0505775,17.5703661,4.31,217.99642,48.0505743,17.5703624,217.98068,0.699361067117302
48.0505743,17.5703624,4.39,217.98068,48.050571,17.5703586,217.67579,0.154196652044307
48.050571,17.5703586,4.46,217.67579,48.0505645,17.5703511,218.46106,3.03013426152804
48.0505645,17.5703511,4.49,218.46106,48.0505612,17.5703472,217.57756,-1.32240246853212
48.0505612,17.5703472,4.55,217.57756,48.050558,17.5703435,217.81956,1.29059801257012
48.050558,17.5703435,4.51,217.81956,48.0505547,17.5703397,218.15643,1.47924684023292
48.0505547,17.5703397,4.5,218.15643,48.0505514,17.5703359,217.30624,-1.00042348708078
48.0505514,17.5703359,4.5,217.30624,48.0505482,17.5703322,218.86777,4.03847564385832
48.0505482,17.5703322,4.47,218.86777,48.050545,17.5703284,217.69436,-2.06745097987766
48.050545,17.5703284,4.42,217.69436,48.0505418,17.5703248,219.74449,5.16086312776648
48.0505418,17.5703248,4.42,219.74449,48.0505387,17.5703211,218.58246,-2.32214280517731
48.0505387,17.5703211,4.38,218.58246,48.0505356,17.5703175,218.30969,-0.033208008690399
48.0505356,17.5703175,4.33,218.30969,48.0505324,17.5703138,218.1429,0.30593851445899
48.0505324,17.5703138,4.31,218.1429,48.0505294,17.5703103,217.9908,0.277154449663884
48.0505294,17.5703103,4.33,217.9908,48.0505264,17.5703067,217.81534,0.0804323140827615
48.0505264,17.5703067,4.21,217.81534,48.0505233,17.5703032,217.90313,1.11025293320216
48.0505233,17.5703032,4.23,217.90313,48.0505203,17.5702997,217.96398,0.788222995126609
48.0505203,17.5702997,4.17,217.96398,48.0505173,17.5702962,218.22757,1.20858792880684
48.0505173,17.5702962,4.15,218.22757,48.0505144,17.5702928,218.18107,0.440391565576361
48.0505144,17.5702928,4.1,218.18107,48.0505115,17.5702894,217.70404,-0.460186225338006
48.0505115,17.5702894,4.07,217.70404,48.0505087,17.5702859,218.81755,2.61169601590851
48.0505087,17.5702859,4.05,218.81755,48.0505059,17.5702825,218.88471,0.30275319308506
48.0505059,17.5702825,3.98,218.88471,48.0505031,17.5702791,220.12236,2.81699907427569
48.0505031,17.5702791,3.94,220.12236,48.0505004,17.5702756,220.21362,-0.417485821215422
48.0505004,17.5702756,3.89,220.21362,48.0504978,17.5702722,220.26411,-0.57251433945671
48.0504978,17.5702722,3.87,220.26411,48.0504953,17.5702687,221.84035,2.29726344558461
48.0504953,17.5702687,3.83,221.84035,48.0504928,17.5702651,222.52931,-0.2618817720502
48.0504928,17.5702651,3.77,222.52931,48.0504904,17.5702615,224.25231,1.60291670483011
48.0504904,17.5702615,3.74,224.25231,48.0504882,17.5702578,225.6366,-0.290720492590832
48.0504882,17.5702578,3.7,225.6366,48.050486,17.570254,227.94703,1.18256588872381
48.050486,17.570254,3.66,227.94703,48.050484,17.5702501,229.91251,-0.876532273754357
48.050484,17.5702501,3.65,229.91251,48.0504821,17.5702461,232.66055,-0.0602406556578849
48.0504821,17.5702461,3.61,232.66055,48.0504802,17.5702421,233.78758,-4.41661104633433
48.0504802,17.5702421,3.56,233.78758,48.0504784,17.5702379,235.80871,-3.46156146774492
48.0504784,17.5702379,3.57,235.80871,48.0504766,17.5702337,236.84287,-6.16707217642694
48.0504766,17.5702337,3.62,236.84287,48.0504751,17.5702294,239.29766,-3.90675946191384
48.0504751,17.5702294,3.61,239.29766,48.0504735,17.5702249,241.33274,-5.81567761627898
48.0504735,17.5702249,3.65,241.33274,48.0504721,17.5702204,242.64131,-8.12150745331541
48.0504721,17.5702204,3.66,242.64131,48.0504708,17.5702159,245.4103,-5.15905951733123
48.0504708,17.5702159,3.67,245.4103,48.0504696,17.5702112,246.74807,-9.63325033428536
48.0504696,17.5702112,3.66,246.74807,48.0504685,17.5702064,249.5445,-6.9665589997239
48.0504685,17.5702064,3.64,249.5445,48.0504676,17.5702018,250.89463,-10.3568075621264
48.0504676,17.5702018,3.66,250.89463,48.0504668,17.5701969,254.06475,-7.30552763005266
48.0504668,17.5701969,3.63,254.06475,48.0504661,17.570192,256.53767,-9.44703480074555
48.0504661,17.570192,3.66,256.53767,48.0504657,17.5701869,259.88694,-8.37650259184711
48.0504657,17.5701869,3.68,259.88694,48.0504654,17.5701818,263.19569,-8.68057662629778
48.0504654,17.5701818,3.7,263.19569,48.0504655,17.5701767,266.85675,-8.0018208335006
48.0504655,17.5701767,3.75,266.85675,48.0504657,17.5701715,270.786,-7.55412384163058
48.0504657,17.5701715,3.73,270.786,48.0504662,17.5701663,274.23546,-8.60559998890033
48.0504662,17.5701663,3.77,274.23546,48.0504669,17.5701612,277.93287,-7.2876317129312
48.0504669,17.5701612,3.79,277.93287,48.0504677,17.5701562,280.8596,-8.47213140431692
48.0504677,17.5701562,3.75,280.8596,48.0504687,17.5701512,285.07848,-4.81020138912961
48.0504687,17.5701512,3.8,285.07848,48.0504698,17.5701463,287.26104,-8.93753429416337
48.0504698,17.5701463,3.82,287.26104,48.0504711,17.5701417,289.61032,-7.03219236284673
48.0504711,17.5701417,3.82,289.61032,48.0504726,17.5701371,293.04422,-3.59394361280384
48.0504726,17.5701371,3.72,293.04422,48.0504741,17.5701325,294.95033,-7.13057963632474
48.0504741,17.5701325,3.69,294.95033,48.0504774,17.570124,298.3135,-11.383211839146
48.0504774,17.570124,3.69,298.3135,48.0504792,17.5701199,299.44839,-6.2497031936766
48.0504792,17.5701199,3.63,299.44839,48.050481,17.5701158,301.85196,-2.66296558453468
48.050481,17.5701158,3.62,301.85196,48.0504828,17.5701116,302.87391,-6.18407390490707
48.0504828,17.5701116,3.65,302.87391,48.0504847,17.5701076,302.93731,-7.7526162302188
48.0504847,17.5701076,3.63,302.93731,48.0504865,17.5701035,304.32734,-4.64208942917024
48.0504865,17.5701035,3.61,304.32734,48.0504905,17.5700953,303.77449,-16.808336861457
48.0504905,17.5700953,3.64,303.77449,48.0504923,17.5700912,304.03799,-7.49522877989414
48.0504923,17.5700912,3.62,304.03799,48.0504942,17.5700871,304.72085,-6.13714835422461
48.0504942,17.5700871,3.64,304.72085,48.0504961,17.570083,304.00186,-9.74840265119302
48.0504961,17.570083,3.66,304.00186,48.0504979,17.5700789,304.47283,-6.85179570592375
48.0504979,17.5700789,3.65,304.47283,48.0505,17.5700748,305.67355,-4.18952541418622
48.0505,17.5700748,3.67,305.67355,48.0505019,17.5700706,305.39228,-8.56890464908488
48.0505019,17.5700706,3.76,305.39228,48.0505039,17.5700665,305.09926,-8.05249699794476
48.0505039,17.5700665,3.74,305.09926,48.0505059,17.5700623,305.43007,-6.74808750870931
48.0505059,17.5700623,3.71,305.43007,48.0505078,17.5700581,304.58827,-10.0577017004895
48.0505078,17.5700581,3.74,304.58827,48.0505098,17.5700539,304.93579,-6.82280781655661
48.0505098,17.5700539,3.73,304.93579,48.0505118,17.5700496,304.82828,-8.25082561072611
48.0505118,17.5700496,3.77,304.82828,48.0505138,17.5700454,304.50201,-8.52336047512734
48.0505138,17.5700454,3.81,304.50201,48.0505159,17.5700411,305.17487,-5.95107711704204
48.0505159,17.5700411,3.8,305.17487,48.050518,17.5700367,305.32015,-7.48162051402366
48.050518,17.5700367,3.86,305.32015,48.05052,17.5700324,305.90488,-6.11314879135196
48.05052,17.5700324,3.87,305.90488,48.0505222,17.5700281,306.40969,-5.79144846969398
48.0505222,17.5700281,3.9,306.40969,48.0505243,17.5700238,306.7263,-6.32201867572527
48.0505243,17.5700238,3.89,306.7263,48.0505265,17.5700194,306.08477,-8.86438538167693
48.0505265,17.5700194,3.91,306.08477,48.0505298,17.570013,306.86742,-8.21364693178589
48.0505298,17.570013,3.9,306.86742,48.0505319,17.5700088,307.90624,-4.04190756853519
48.0505319,17.5700088,3.86,307.90624,48.0505342,17.5700047,307.32374,-7.50261177973075
48.0505342,17.5700047,3.88,307.32374,48.0505364,17.5700008,308.332,-3.07017838287295
48.0505364,17.5700008,3.9,308.332,48.0505386,17.5699967,308.94716,-4.36309736618927
48.0505386,17.5699967,3.83,308.94716,48.0505408,17.5699927,309.01362,-5.50166759969925
48.0505408,17.5699927,3.82,309.01362,48.050543,17.5699888,310.07695,-2.56839476109741
48.050543,17.5699888,3.78,310.07695,48.0505452,17.5699849,309.68498,-6.26492919600377
48.0505452,17.5699849,3.75,309.68498,48.0505473,17.569981,309.32193,-6.52861968404904
48.0505473,17.569981,3.73,309.32193,48.0505503,17.5699751,310.00846,-6.97425555092124
48.0505503,17.5699751,3.69,310.00846,48.0505523,17.5699711,306.52749,-15.3726759172219
48.0505523,17.5699711,3.63,306.52749,48.0505542,17.5699673,305.85851,-8.39897478911983
48.0505542,17.5699673,3.62,305.85851,48.050556,17.5699632,305.76778,-8.01894080523508
48.050556,17.5699632,3.51,305.76778,48.0505577,17.5699594,303.29518,-14.0695957073101
48.0505577,17.5699594,3.49,303.29518,48.0505593,17.5699554,302.56781,-10.6633919837824
48.0505593,17.5699554,3.47,302.56781,48.0505609,17.5699514,300.67308,-14.0270426873259
48.0505609,17.5699514,3.4,300.67308,48.0505622,17.5699473,299.43946,-13.6119807943961
48.0505622,17.5699473,3.35,299.43946,48.0505635,17.5699432,296.13843,-19.5406937341422
48.0505635,17.5699432,3.36,296.13843,48.0505648,17.5699392,295.64803,-12.2277870284845
48.0505648,17.5699392,3.29,295.64803,48.0505659,17.5699351,294.3944,-15.1936613532555
48.0505659,17.5699351,3.24,294.3944,48.0505669,17.5699311,291.54076,-19.6608546994087
48.0505669,17.5699311,3.22,291.54076,48.0505678,17.569927,290.30784,-16.2575412724684
48.0505678,17.569927,3.21,290.30784,48.0505687,17.5699228,288.93487,-17.167904147035
48.0505687,17.5699228,3.15,288.93487,48.0505695,17.5699186,288.93487,-13.9674128985943
48.0505695,17.5699186,3.15,288.93487,48.0505702,17.5699143,285.609,-23.2591522297978
48.0505702,17.5699143,3.19,285.609,48.0505708,17.56991,283.77805,-19.6262322042955
48.0505708,17.56991,3.2,283.77805,48.0505713,17.5699057,281.40123,-21.235296926596
48.0505713,17.5699057,3.2,281.40123,48.0505716,17.5699015,279.77331,-19.2649522721159
48.0505716,17.5699015,3.18,279.77331,48.0505718,17.5698973,275.92545,-25.0955669547179
48.0505718,17.5698973,3.07,275.92545,48.050572,17.5698931,274.3529,-19.9490907037685
48.050572,17.5698931,3.15,274.3529,48.050572,17.5698889,272.53022,-20.3286730546884
48.050572,17.5698889,3.08,272.53022,48.0505719,17.5698847,270.01376,-22.3911115623676
48.0505719,17.5698847,3.08,270.01376,48.0505717,17.5698805,268.08667,-20.8715416490694
48.0505717,17.5698805,3.03,268.08667,48.0505712,17.5698763,265.26025,-23.2076551693283
48.0505712,17.5698763,3.06,265.26025,48.0505708,17.5698719,261.84871,-25.0616050226475
48.0505708,17.5698719,3.08,261.84871,48.0505702,17.5698677,260.37801,-19.1810080190318
48.0505702,17.5698677,3.08,260.37801,48.0505694,17.5698636,257.59444,-21.7891853571493
48.0505694,17.5698636,3.08,257.59444,48.0505685,17.5698596,254.80274,-21.0800875019197
48.0505685,17.5698596,3.09,254.80274,48.0505676,17.5698556,251.87588,-21.0213136348067
48.0505676,17.5698556,3.08,251.87588,48.0505666,17.5698517,249.52614,-18.8093963998178
48.0505666,17.5698517,3.08,249.52614,48.0505654,17.5698478,248.79145,-14.2383743948278
48.0505654,17.5698478,3.09,248.79145,48.0505642,17.5698441,246.88739,-16.2711947416188
48.0505642,17.5698441,3.11,246.88739,48.0505628,17.5698402,245.22668,-15.6532000231398
48.0505628,17.5698402,3.07,245.22668,48.0505615,17.5698365,243.43474,-15.2935092058849
48.0505615,17.5698365,3.09,243.43474,48.0505601,17.5698328,240.93695,-16.4358409118798
48.0505601,17.5698328,3.04,240.93695,48.0505586,17.5698292,240.20548,-11.2570703902934
48.0505586,17.5698292,3.1,240.20548,48.0505571,17.5698257,238.66719,-12.6080676784781
48.0505571,17.5698257,3.06,238.66719,48.0505555,17.5698222,236.41037,-13.9471884350905
48.0505555,17.5698222,3.11,236.41037,48.0505538,17.5698186,235.00644,-11.3446937320184
48.0505538,17.5698186,3.12,235.00644,48.050552,17.5698152,234.33416,-8.38885079981829
48.050552,17.5698152,3.19,234.33416,48.0505502,17.5698118,234.33416,-6.482942447965
48.0505502,17.5698118,3.19,234.33416,48.0505482,17.5698084,231.34731,-13.2094126780573
48.0505482,17.5698084,3.23,231.34731,48.0505462,17.569805,229.78284,-9.0240081499513
48.0505462,17.569805,3.19,229.78284,48.0505441,17.5698017,227.5734,-9.73019339456334
48.0505441,17.5698017,3.33,227.5734,48.0505419,17.5697985,225.93749,-7.09412218597701
48.0505419,17.5697985,3.32,225.93749,48.0505397,17.5697954,224.16725,-6.77076992621822
48.0505397,17.5697954,3.34,224.16725,48.0505374,17.5697922,223.31153,-4.14620962386105
48.0505374,17.5697922,3.35,223.31153,48.050535,17.5697892,221.82201,-4.65891756890809
48.050535,17.5697892,3.45,221.82201,48.0505326,17.5697863,220.4824,-3.65039340381752
48.0505326,17.5697863,3.32,220.4824,48.0505302,17.5697834,218.93275,-3.89482782219194
48.0505302,17.5697834,3.43,218.93275,48.0505276,17.5697808,218.35164,0.0312055695752422
48.0505276,17.5697808,3.32,218.35164,48.0505251,17.5697783,215.40714,-5.53953659447764
48.0505251,17.5697783,3.36,215.40714,48.0505197,17.5697733,213.18717,0.725103737652254
48.0505197,17.5697733,3.3,213.18717,48.0505171,17.569771,211.29546,-1.16677916491902
48.0505171,17.569771,3.36,211.29546,48.0505146,17.5697688,211.03441,2.99837373939686
48.0505146,17.5697688,3.28,211.03441,48.0505119,17.5697665,211.11774,4.39004838845179
48.0505119,17.5697665,3.2,211.11774,48.0505094,17.5697644,209.24273,-0.617625408672522
48.0505094,17.5697644,3.21,209.24273,48.0505069,17.5697622,210.70438,7.74868112006576
48.0505069,17.5697622,3.24,210.70438,48.0505044,17.56976,209.08458,-0.104246913416182
48.0505044,17.56976,3.11,209.08458,48.050502,17.5697577,210.60746,7.56056557743899
48.050502,17.5697577,3.15,210.60746,48.0504996,17.5697554,212.83326,8.90234315693241
48.0504996,17.5697554,3.13,212.83326,48.0504972,17.5697531,212.61839,2.43361914255403
48.0504972,17.5697531,3.1,212.61839,48.0504949,17.5697508,213.2118,4.18327269141249
48.0504949,17.5697508,3.08,213.2118,48.0504926,17.5697486,213.84822,4.39620358183693
48.0504926,17.5697486,3.11,213.84822,48.0504902,17.5697463,212.97788,0.597678236624574
